relative_path,source_split,source_class,target_class_id,target_class_name,status,reason,canonical_relative_path,bytes,width,height,format,mode,sha256,dhash
test_images/57.Myzus persicae Sulzer/000.jpg,test_images,57.Myzus persicae Sulzer,9,蚜虫,candidate,,test_images/57.Myzus persicae Sulzer/000.jpg,2699888,3008,2000,JPEG,RGB,6c8bf4cffeb0034c69cdc4050aa4b0a46e02e550536b7643cad33eb64542d84f,499070c0721b45a3
test_images/57.Myzus persicae Sulzer/001.jpg,test_images,57.Myzus persicae Sulzer,9,蚜虫,reject,duplicate_or_near_duplicate:train_images/57.Myzus persicae Sulzer/120.jpg,train_images/57.Myzus persicae Sulzer/120.jpg,1298228,2272,1704,JPEG,RGB,1b271098b1be9aedb8f0639708c00f9fc30cca542d21b617d3660d51aae4c74a,2d35335b0f594d3d
test_images/57.Myzus persicae Sulzer/002.jpg,test_images,57.Myzus persicae Sulzer,9,蚜虫,candidate,,test_images/57.Myzus persicae Sulzer/002.jpg,11727433,2272,1704,TIFF,RGB,371d176832163f2eceb3a2d3a5e85491d4e4e5d93c4c48e7a48088fbbcbfd151,371767636767777f
test_images/57.Myzus persicae Sulzer/003.jpg,test_images,57.Myzus persicae Sulzer,9,蚜虫,reject,unreadable:OSError:broken data stream when reading image file,,3808854,,,,,,
test_images/57.Myzus persicae Sulzer/004.jpg,test_images,57.Myzus persicae Sulzer,9,蚜虫,candidate,,test_images/57.Myzus persicae Sulzer/004.jpg,3136500,3872,2592,JPEG,RGB,6d6dcccae2c2a48e5801ae1f31c428843e84c2e5ec1e9c722b9dff398a780de8,ede9731e876b00c8
test_images/57.Myzus persicae Sulzer/005.jpg,test_images,57.Myzus persicae Sulzer,9,蚜虫,reject,unreadable:OSError:broken data stream when reading image file,,20240892,,,,,,
test_images/57.Myzus persicae Sulzer/006.jpg,test_images,57.Myzus persicae Sulzer,9,蚜虫,candidate,,test_images/57.Myzus persicae Sulzer/006.jpg,19746266,7360,4912,MPO,RGB,26502667333ea291bde564ad93c5ec32015d262ed727b841fb3d02918530f0ef,0458a6a7dfcff3e9
test_images/57.Myzus persicae Sulzer/007.jpg,test_images,57.Myzus persicae Sulzer,9,蚜虫,reject,duplicate_or_near_duplicate:train_images/57.Myzus persicae Sulzer/077.jpg,train_images/57.Myzus persicae Sulzer/077.jpg,9171999,7360,4912,MPO,RGB,4ad36209c190a9f29a3f26c513f9219d99527bbca0767b0201280c5ae85da3fb,e3f363e6c6dff1c9
test_images/57.Myzus persicae Sulzer/008.jpg,test_images,57.Myzus persicae Sulzer,9,蚜虫,candidate,,test_images/57.Myzus persicae Sulzer/008.jpg,9296668,7360,4912,MPO,RGB,8e9459a4e9d365fd4df8d27eda3db0e1b0d569b3559d71d7a3942123a0b076bc,8ccc2c1ff1e00381
test_images/57.Myzus persicae Sulzer/009.jpg,test_images,57.Myzus persicae Sulzer,9,蚜虫,reject,unreadable:OSError:broken data stream when reading image file,,9073840,,,,,,
test_images/57.Myzus persicae Sulzer/010.jpg,test_images,57.Myzus persicae Sulzer,9,蚜虫,candidate,,test_images/57.Myzus persicae Sulzer/010.jpg,8757843,7360,4912,MPO,RGB,d726d824d5a3b53d90580bba3c2be9e1589498732dfd30f8de6e474399e6ccd0,114444d9932e2616
test_images/57.Myzus persicae Sulzer/011.jpg,test_images,57.Myzus persicae Sulzer,9,蚜虫,candidate,,test_images/57.Myzus persicae Sulzer/011.jpg,9021379,7360,4912,MPO,RGB,67cd0b9c359eb21f0e587dbb4d108ea3c1b67d5500fcbbb670976cbb4012d133,a964cc5a5b9d9296
test_images/57.Myzus persicae Sulzer/012.jpg,test_images,57.Myzus persicae Sulzer,9,蚜虫,candidate,,test_images/57.Myzus persicae Sulzer/012.jpg,9349974,7360,4912,MPO,RGB,06dcb1528e8239b65e459c831c47381e9ef04385c01de57bd4bf1bca0c6db7a2,131205291b214cdf
test_images/57.Myzus persicae Sulzer/013.jpg,test_images,57.Myzus persicae Sulzer,9,蚜虫,candidate,,test_images/57.Myzus persicae Sulzer/013.jpg,9317977,7360,4912,MPO,RGB,8820ac68f4557abe13a58b5004341a27d17f633e637b928dde96598a1c8b2d73,9989260c08603999
test_images/57.Myzus persicae Sulzer/014.jpg,test_images,57.Myzus persicae Sulzer,9,蚜虫,candidate,,test_images/57.Myzus persicae Sulzer/014.jpg,20702456,7360,4912,MPO,RGB,8b41fa5b373af1cc7062dee0ecd91587d51ed5adbe3e879a5e887b839ce0010c,503625696033a984
test_images/57.Myzus persicae Sulzer/015.jpg,test_images,57.Myzus persicae Sulzer,9,蚜虫,candidate,,test_images/57.Myzus persicae Sulzer/015.jpg,14373465,7360,4912,MPO,RGB,4914ab2700efb8631cab7fbd42f1e1625fbbeb25faacf0fa7258c6eb41cd8b5e,cdccc0c52c4c5a72
test_images/57.Myzus persicae Sulzer/016.jpg,test_images,57.Myzus persicae Sulzer,9,蚜虫,candidate,,test_images/57.Myzus persicae Sulzer/016.jpg,1226457,2272,1704,JPEG,RGB,e1344f75d821ecde9351b6f7951ca3a4c2595e18cf75412bd2bcde740735dbd7,38e8cd3682487e13
test_images/57.Myzus persicae Sulzer/017.jpg,test_images,57.Myzus persicae Sulzer,9,蚜虫,candidate,,test_images/57.Myzus persicae Sulzer/017.jpg,1318677,2272,1704,JPEG,RGB,c829f93565adfb4bbb6e6a1fd606b34605368c1377b7b6bb36f05459466da964,7de3a6bd78f0e0c0
test_images/57.Myzus persicae Sulzer/018.jpg,test_images,57.Myzus persicae Sulzer,9,蚜虫,candidate,,test_images/57.Myzus persicae Sulzer/018.jpg,1275260,2272,1704,JPEG,RGB,19c6fea584b4cc70c0d2fff1c64482535367a7deb114ec41b369580efce1331d,23762cb5777f677d
test_images/57.Myzus persicae Sulzer/019.jpg,test_images,57.Myzus persicae Sulzer,9,蚜虫,candidate,,test_images/57.Myzus persicae Sulzer/019.jpg,1301239,2272,1704,JPEG,RGB,497116b315b6e4f64073bc89e86f8e98da37ac05d6c81be1c4384ef1f644525f,3d3487939b3fb723
test_images/57.Myzus persicae Sulzer/020.jpg,test_images,57.Myzus persicae Sulzer,9,蚜虫,candidate,,test_images/57.Myzus persicae Sulzer/020.jpg,1334358,2272,1704,JPEG,RGB,282ae6d9a51b580d85db6e2404040d4614f41280bea72ea0fa342b32c0018499,194761b0f8f27628
test_images/57.Myzus persicae Sulzer/021.jpg,test_images,57.Myzus persicae Sulzer,9,蚜虫,candidate,,test_images/57.Myzus persicae Sulzer/021.jpg,1319583,2272,1704,JPEG,RGB,a96726e6b2711126adc860a967a0744e15e6f1369b21c32764307d266b00e2c6,cc813b3737ff1f07
test_images/57.Myzus persicae Sulzer/022.jpg,test_images,57.Myzus persicae Sulzer,9,蚜虫,candidate,,test_images/57.Myzus persicae Sulzer/022.jpg,1287265,2272,1704,JPEG,RGB,edd7e41e2a4b3c7c0b2e5c880cc160def87b4f85937f5af37983c0e88e875e77,29861d67a62303c0
test_images/57.Myzus persicae Sulzer/023.jpg,test_images,57.Myzus persicae Sulzer,9,蚜虫,candidate,,test_images/57.Myzus persicae Sulzer/023.jpg,1188496,2272,1704,JPEG,RGB,82d6cbdc55751cf610f668e042c0c40f6204525824e3ee4696c0143bc626de96,334d99346cc73631
test_images/57.Myzus persicae Sulzer/024.jpg,test_images,57.Myzus persicae Sulzer,9,蚜虫,candidate,,test_images/57.Myzus persicae Sulzer/024.jpg,5837813,5616,3744,JPEG,RGB,e1958dfa6d014ae36d0a0375f9deb756dda0574d2cd25128cad5467031a4d931,7d7dbe3f378fc3e8
test_images/57.Myzus persicae Sulzer/025.jpg,test_images,57.Myzus persicae Sulzer,9,蚜虫,candidate,,test_images/57.Myzus persicae Sulzer/025.jpg,500350,1984,1116,JPEG,RGB,a0fa1a26ba23e6e0abab6c8538ced3059e31c87d25e8810c2c2ae7d3c6b3dce9,34373333e563f0e4
test_images/57.Myzus persicae Sulzer/026.jpg,test_images,57.Myzus persicae Sulzer,9,蚜虫,candidate,,test_images/57.Myzus persicae Sulzer/026.jpg,564576,1984,1116,JPEG,RGB,cfc68771df3a2bc788f16f81de879db2e5414841ac7d821eb32fb77fe42f239f,63c68080048f4771
test_images/57.Myzus persicae Sulzer/027.jpg,test_images,57.Myzus persicae Sulzer,9,蚜虫,candidate,,test_images/57.Myzus persicae Sulzer/027.jpg,62812,481,306,JPEG,RGB,f9eebc5d49e098e2562d802112599e06d6ad48e2622cdf4daa19658a7dbd183b,373af89990989811
test_images/57.Myzus persicae Sulzer/028.jpg,test_images,57.Myzus persicae Sulzer,9,蚜虫,candidate,,test_images/57.Myzus persicae Sulzer/028.jpg,404124,2272,1704,JPEG,RGB,52401536efd3b8782d43cd815d9dd9f3073300548d0aba7e5a0ef2fb7cd0eac6,ae2d4f5f3a3c694b
test_images/57.Myzus persicae Sulzer/029.jpg,test_images,57.Myzus persicae Sulzer,9,蚜虫,candidate,,test_images/57.Myzus persicae Sulzer/029.jpg,198328,2272,1704,JPEG,RGB,9a3bfea639d7d3e6a60a425756f61ae493c573612cbb4170db043e9141c84943,67f3313ce5f3b39b
test_images/57.Myzus persicae Sulzer/030.jpg,test_images,57.Myzus persicae Sulzer,9,蚜虫,candidate,,test_images/57.Myzus persicae Sulzer/030.jpg,455653,1936,1296,JPEG,RGB,c533de00fc142b18e6f05f34634beb8417a8dfd64c798419ca5e7301594ad7ac,838388943030948c
test_images/57.Myzus persicae Sulzer/031.jpg,test_images,57.Myzus persicae Sulzer,9,蚜虫,candidate,,test_images/57.Myzus persicae Sulzer/031.jpg,3287289,3968,2232,JPEG,RGB,742f28add68e9c461892ea1d553395be7e454937bbc96101b56f75a15e0b3ef3,e15078afeceeb7b7
test_images/58.Aphis gossypii Glover/000.jpg,test_images,58.Aphis gossypii Glover,9,蚜虫,reject,duplicate_or_near_duplicate:train_images/58.Aphis gossypii Glover/071.jpg,train_images/58.Aphis gossypii Glover/071.jpg,1329422,2272,1704,JPEG,RGB,a1288c2ddf4e7a52d5dc5e0dd2aba07be1603f3f2defeec9466f38ebf11126eb,97276fc0c9494c26
test_images/58.Aphis gossypii Glover/001.jpg,test_images,58.Aphis gossypii Glover,9,蚜虫,reject,duplicate_or_near_duplicate:train_images/58.Aphis gossypii Glover/074.jpg,train_images/58.Aphis gossypii Glover/074.jpg,1237384,2272,1704,JPEG,RGB,7594124a6e2c8a0d7abbd732cc5b4ee9a63563d6e1db23c4ce25d90b215fdbac,4b92332161432606
test_images/58.Aphis gossypii Glover/002.jpg,test_images,58.Aphis gossypii Glover,9,蚜虫,reject,duplicate_or_near_duplicate:test_images/58.Aphis gossypii Glover/010.jpg,test_images/58.Aphis gossypii Glover/010.jpg,1337317,2272,1704,JPEG,RGB,3282cfbf8e6692e5c69d4b488f0ea848cddbd3fa8de78df3b55a98c755320d77,6bca92246458f1e3
test_images/58.Aphis gossypii Glover/003.jpg,test_images,58.Aphis gossypii Glover,9,蚜虫,candidate,,test_images/58.Aphis gossypii Glover/003.jpg,14026416,7360,4912,MPO,RGB,8c9a94a0d26735ada02c582b789e06ad16dad8088ad0aca9054c47360790412a,cada5a11f68316c0
test_images/58.Aphis gossypii Glover/004.jpg,test_images,58.Aphis gossypii Glover,9,蚜虫,reject,duplicate_or_near_duplicate:train_images/58.Aphis gossypii Glover/035.jpg,train_images/58.Aphis gossypii Glover/035.jpg,13484341,7360,4912,MPO,RGB,84daa84db0eee85dc55e019065e709fdabadfe16803d746bf53add291d255fc4,8f8fd717b6ed0e3e
test_images/58.Aphis gossypii Glover/005.jpg,test_images,58.Aphis gossypii Glover,9,蚜虫,candidate,,test_images/58.Aphis gossypii Glover/005.jpg,13641774,7360,4912,MPO,RGB,2a37aa0859166ac5470922e69f708e143226095e704c55f2b0b04cec2f7e7e74,d8d51312f4321334
test_images/58.Aphis gossypii Glover/006.jpg,test_images,58.Aphis gossypii Glover,9,蚜虫,candidate,,test_images/58.Aphis gossypii Glover/006.jpg,14020391,7360,4912,MPO,RGB,655c63dbf0cdc00a76f96d18fe7dc03ca22b09aac9329bf95491be81c63a7f87,d3d73312e4323334
test_images/58.Aphis gossypii Glover/007.jpg,test_images,58.Aphis gossypii Glover,9,蚜虫,candidate,,test_images/58.Aphis gossypii Glover/007.jpg,13567880,7360,4912,MPO,RGB,79756603f510a24cd85407fca73daf014c06a67334a491d4a37e25343163314c,076827a6b389c0c3
test_images/58.Aphis gossypii Glover/008.jpg,test_images,58.Aphis gossypii Glover,9,蚜虫,candidate,,test_images/58.Aphis gossypii Glover/008.jpg,13560874,7360,4912,MPO,RGB,6d1d368aeb24a709bfa0901305bc0a0163f1a3012641fe73c846edb553d1738e,80808130d0138080
test_images/58.Aphis gossypii Glover/009.jpg,test_images,58.Aphis gossypii Glover,9,蚜虫,reject,duplicate_or_near_duplicate:train_images/58.Aphis gossypii Glover/003.jpg,train_images/58.Aphis gossypii Glover/003.jpg,1322428,2272,1704,JPEG,RGB,4b59b42edb990bbbaab582e7cceb85861d48bdee591f1d2bb1163af4965d05a5,8989132430616468
test_images/58.Aphis gossypii Glover/010.jpg,test_images,58.Aphis gossypii Glover,9,蚜虫,candidate,,test_images/58.Aphis gossypii Glover/010.jpg,1337317,2272,1704,JPEG,RGB,3282cfbf8e6692e5c69d4b488f0ea848cddbd3fa8de78df3b55a98c755320d77,6bca92246458f1e3
test_images/58.Aphis gossypii Glover/011.jpg,test_images,58.Aphis gossypii Glover,9,蚜虫,candidate,,test_images/58.Aphis gossypii Glover/011.jpg,20899272,7360,4912,MPO,RGB,c9a763d63fb06f4df50356b7b4f8182caafd45068eeff565437bc2a04205e52f,7c3e4ccfb3abcfe7
test_images/58.Aphis gossypii Glover/012.jpg,test_images,58.Aphis gossypii Glover,9,蚜虫,reject,unreadable:OSError:broken data stream when reading image file,,20353766,,,,,,
test_images/58.Aphis gossypii Glover/013.jpg,test_images,58.Aphis gossypii Glover,9,蚜虫,candidate,,test_images/58.Aphis gossypii Glover/013.jpg,19624635,7360,4912,MPO,RGB,08935bc98b3a73a90cb199cf2d10ce9aa6785a465d4b25b455cb32c54fdfe982,232e77716b271f0d
test_images/58.Aphis gossypii Glover/014.jpg,test_images,58.Aphis gossypii Glover,9,蚜虫,candidate,,test_images/58.Aphis gossypii Glover/014.jpg,19352524,7360,4912,MPO,RGB,25365d9ea0f001a159b436233090e9383d095accc17dcff98d2948177ddb5a2e,4e4e8d9ba6bece66
test_images/58.Aphis gossypii Glover/015.jpg,test_images,58.Aphis gossypii Glover,9,蚜虫,candidate,,test_images/58.Aphis gossypii Glover/015.jpg,18598306,7360,4912,MPO,RGB,3571fc408a871f1f75c773b8db642633d92f309bf23995a1a48e49ee27739f54,c9dcdbc366582c36
test_images/58.Aphis gossypii Glover/016.jpg,test_images,58.Aphis gossypii Glover,9,蚜虫,candidate,,test_images/58.Aphis gossypii Glover/016.jpg,169236,968,648,JPEG,RGB,ba43acf80fb77a8562d1aa23d6407d2abc567c320dbb41061fe40ef5e8941e7d,9980116f5bc8f066
train_images/57.Myzus persicae Sulzer/000.jpg,train_images,57.Myzus persicae Sulzer,9,蚜虫,candidate,,train_images/57.Myzus persicae Sulzer/000.jpg,109006,580,428,JPEG,RGB,25141dfd05aad4ee03d76bb461f6815299167a9294e1344891c1786879025557,53959d197b7f7fff
train_images/57.Myzus persicae Sulzer/001.jpg,train_images,57.Myzus persicae Sulzer,9,蚜虫,reject,unreadable:OSError:broken data stream when reading image file,,4882283,,,,,,
train_images/57.Myzus persicae Sulzer/002.jpg,train_images,57.Myzus persicae Sulzer,9,蚜虫,candidate,,train_images/57.Myzus persicae Sulzer/002.jpg,5409679,3872,2592,JPEG,RGB,75c86186eae2f1b336e3ae89e7e5f1005ea2cee661a76ffcf2787db7b9dfad1b,8797262118387070
train_images/57.Myzus persicae Sulzer/003.jpg,train_images,57.Myzus persicae Sulzer,9,蚜虫,candidate,,train_images/57.Myzus persicae Sulzer/003.jpg,224934,1079,739,JPEG,RGB,b49edca9ad73051bacc95a6d6b1b7f2590e14df9ba32e354b55108e6a2e48a8b,973e24b5f4f9fcdc
train_images/57.Myzus persicae Sulzer/004.jpg,train_images,57.Myzus persicae Sulzer,9,蚜虫,candidate,,train_images/57.Myzus persicae Sulzer/004.jpg,58303,341,258,JPEG,RGB,7cd89631b0b12f6542c4a0020f6f2270100fe3cd38733e595cc1c359fc456a79,e4f63c1c2e132911
train_images/57.Myzus persicae Sulzer/005.jpg,train_images,57.Myzus persicae Sulzer,9,蚜虫,candidate,,train_images/57.Myzus persicae Sulzer/005.jpg,55291,368,247,JPEG,RGB,3baabcdfd60481e48ef12e5bdaca0ff3553eb77f9b692642ff626243a180cf4b,363a1c4c2c3687a3
train_images/57.Myzus persicae Sulzer/006.jpg,train_images,57.Myzus persicae Sulzer,9,蚜虫,candidate,,train_images/57.Myzus persicae Sulzer/006.jpg,2811876,3008,2000,JPEG,RGB,022582b981f44db3b57dc34fe2fff763b99fa8ca463688a1445ddbee5d191350,648d9870e1ab4963
train_images/57.Myzus persicae Sulzer/007.jpg,train_images,57.Myzus persicae Sulzer,9,蚜虫,candidate,,train_images/57.Myzus persicae Sulzer/007.jpg,2437287,3008,2000,JPEG,RGB,358a9ebe8cee440eefbc2c4af063e37fc47afcf3f418b4290138c449484a4293,d4765e6733271797
train_images/57.Myzus persicae Sulzer/008.jpg,train_images,57.Myzus persicae Sulzer,9,蚜虫,candidate,,train_images/57.Myzus persicae Sulzer/008.jpg,1257142,2272,1704,JPEG,RGB,43265aecceca1827f60f9ff35b901eb09f865c70fd75719ccd70b35181964f42,6554d3292f675551
train_images/57.Myzus persicae Sulzer/009.jpg,train_images,57.Myzus persicae Sulzer,9,蚜虫,candidate,,train_images/57.Myzus persicae Sulzer/009.jpg,2333675,3008,2000,JPEG,RGB,7fe8bf0f9f4cef6bceebd41696bf7dacde87c6c4bacc64051406c5ca604baec1,ae9f13b4d6dbdb9c
train_images/57.Myzus persicae Sulzer/010.jpg,train_images,57.Myzus persicae Sulzer,9,蚜虫,candidate,,train_images/57.Myzus persicae Sulzer/010.jpg,2653836,3008,2000,JPEG,RGB,b4259f91e46ccced5867449c55e5a0e16905003619e8a904010d35bf3bf2e6ae,cdc58f1b41909211
train_images/57.Myzus persicae Sulzer/011.jpg,train_images,57.Myzus persicae Sulzer,9,蚜虫,candidate,,train_images/57.Myzus persicae Sulzer/011.jpg,1319097,2272,1704,JPEG,RGB,df3ce4a9883b0fb9a1a9316105225b860a7f9a43c93e8e78b37758308f8db39e,c60d1b73db3d3fdc
train_images/57.Myzus persicae Sulzer/012.jpg,train_images,57.Myzus persicae Sulzer,9,蚜虫,candidate,,train_images/57.Myzus persicae Sulzer/012.jpg,1257120,2272,1704,JPEG,RGB,18abf4fbfdab58bd1306396aa60c49d846be96b11eee66d26c59199a7a0c708e,c8410303893fffbe
train_images/57.Myzus persicae Sulzer/013.jpg,train_images,57.Myzus persicae Sulzer,9,蚜虫,candidate,,train_images/57.Myzus persicae Sulzer/013.jpg,1284656,2272,1704,JPEG,RGB,62a73e186f98317fe4bc7b38eb626fc991247f5700d2df3b20aa832f0fb34d09,67478f153fef431d
train_images/57.Myzus persicae Sulzer/014.jpg,train_images,57.Myzus persicae Sulzer,9,蚜虫,candidate,,train_images/57.Myzus persicae Sulzer/014.jpg,1256574,2272,1704,JPEG,RGB,6843d8fa1a4c2a313ad197cd808fa7c41f4568ac864c15dbfdac13db284aab8d,6767cf170f6f031d
train_images/57.Myzus persicae Sulzer/015.jpg,train_images,57.Myzus persicae Sulzer,9,蚜虫,reject,duplicate_or_near_duplicate:train_images/57.Myzus persicae Sulzer/116.jpg,train_images/57.Myzus persicae Sulzer/116.jpg,1399456,2272,1704,JPEG,RGB,b25f83579e4b33e48a097a3c2611b6443733010c6e9a352bc7723895625bf3b7,b399095e3feffe7e
train_images/57.Myzus persicae Sulzer/016.jpg,train_images,57.Myzus persicae Sulzer,9,蚜虫,reject,duplicate_or_near_duplicate:train_images/57.Myzus persicae Sulzer/117.jpg,train_images/57.Myzus persicae Sulzer/117.jpg,1284735,2272,1704,JPEG,RGB,72802f14685a851fcc85b56f9b698430ee932825bb6285103605056e75fca25e,bddd6e361b8d477f
train_images/57.Myzus persicae Sulzer/017.jpg,train_images,57.Myzus persicae Sulzer,9,蚜虫,reject,duplicate_or_near_duplicate:train_images/57.Myzus persicae Sulzer/119.jpg,train_images/57.Myzus persicae Sulzer/119.jpg,1271942,2272,1704,JPEG,RGB,7a14d1223ba43e3a2d46aab3a14c8f4a8b24e31786a8fe3ca9190b65d6c47527,c7fbdcf72fe4e092
train_images/57.Myzus persicae Sulzer/018.jpg,train_images,57.Myzus persicae Sulzer,9,蚜虫,candidate,,train_images/57.Myzus persicae Sulzer/018.jpg,11727433,2272,1704,TIFF,RGB,5bd91f281a3db2d23ff6eabbc2571addc924f639e2d9e687c47adf2dff2722e9,3763676337776777
train_images/57.Myzus persicae Sulzer/019.jpg,train_images,57.Myzus persicae Sulzer,9,蚜虫,candidate,,train_images/57.Myzus persicae Sulzer/019.jpg,1298424,2272,1704,JPEG,RGB,170b8777773aaeffaecfd1b5cf7dce21a91927eab12f9a5126f4c168f173f76a,46c44133333ea597
train_images/57.Myzus persicae Sulzer/020.jpg,train_images,57.Myzus persicae Sulzer,9,蚜虫,reject,unreadable:OSError:broken data stream when reading image file,,1287254,,,,,,
train_images/57.Myzus persicae Sulzer/021.jpg,train_images,57.Myzus persicae Sulzer,9,蚜虫,reject,unreadable:OSError:broken data stream when reading image file,,1285653,,,,,,
train_images/57.Myzus persicae Sulzer/022.jpg,train_images,57.Myzus persicae Sulzer,9,蚜虫,candidate,,train_images/57.Myzus persicae Sulzer/022.jpg,430349,2272,1704,JPEG,RGB,44fa771fb9b09f86216a759deb70e2c62bcd29e15f999c80ab263728eb187e23,2d2c1a29c9c95866
train_images/57.Myzus persicae Sulzer/023.jpg,train_images,57.Myzus persicae Sulzer,9,蚜虫,candidate,,train_images/57.Myzus persicae Sulzer/023.jpg,2714212,3008,2000,JPEG,RGB,f433099bb533fa922688eff265d6d7970463baac440bff38d86717e2313adbd0,61cc9e36f7464f4e
train_images/57.Myzus persicae Sulzer/024.jpg,train_images,57.Myzus persicae Sulzer,9,蚜虫,candidate,,train_images/57.Myzus persicae Sulzer/024.jpg,2667107,3008,2000,JPEG,RGB,fd71550232de7f9ca4d01738b412bfd6ded9c8fda7c06b9077a150dc4b1d3ab4,6d6e4ad9e98bb135
train_images/57.Myzus persicae Sulzer/025.jpg,train_images,57.Myzus persicae Sulzer,9,蚜虫,candidate,,train_images/57.Myzus persicae Sulzer/025.jpg,2544578,3008,2000,JPEG,RGB,eacf6d91d61b0d6eeff81365aa2c54395970687185c60b3e79bef7cc459d9790,76dbcd93b3931723
train_images/57.Myzus persicae Sulzer/026.jpg,train_images,57.Myzus persicae Sulzer,9,蚜虫,candidate,,train_images/57.Myzus persicae Sulzer/026.jpg,2092692,3008,2000,JPEG,RGB,e246d0cd0c8053907c27004b4d2c902d5fae0335501fae98d66c88fe4c52e0b8,894999111101e1f1
train_images/57.Myzus persicae Sulzer/027.jpg,train_images,57.Myzus persicae Sulzer,9,蚜虫,candidate,,train_images/57.Myzus persicae Sulzer/027.jpg,2424364,3008,2000,JPEG,RGB,7185e439691d5801676c234495094017993812364a87c78272c08fa3a42e953e,3031323232204fff
train_images/57.Myzus persicae Sulzer/028.jpg,train_images,57.Myzus persicae Sulzer,9,蚜虫,reject,duplicate_or_near_duplicate:train_images/57.Myzus persicae Sulzer/121.jpg,train_images/57.Myzus persicae Sulzer/121.jpg,1266917,2272,1704,JPEG,RGB,76809e9f5fa13345748139c43727d45ad490663787e3606b1cdcb8f06a3fdbaf,7ae3f434321a9e4e
train_images/57.Myzus persicae Sulzer/029.jpg,train_images,57.Myzus persicae Sulzer,9,蚜虫,candidate,,train_images/57.Myzus persicae Sulzer/029.jpg,3586416,3872,2592,JPEG,RGB,1ad0fc69620ce9a0154b23962396bbaddbeac37ff2479d5ad941125f439cc721,ff7fbf7ff9c7e3f2
train_images/57.Myzus persicae Sulzer/030.jpg,train_images,57.Myzus persicae Sulzer,9,蚜虫,candidate,,train_images/57.Myzus persicae Sulzer/030.jpg,3670800,3872,2592,JPEG,RGB,f74ef1b219c3864887d53463162dc5df5fdb69a5f4b95486d6bdb35334bb49b5,fcffff7ff9c7e3e2
train_images/57.Myzus persicae Sulzer/031.jpg,train_images,57.Myzus persicae Sulzer,9,蚜虫,candidate,,train_images/57.Myzus persicae Sulzer/031.jpg,2988265,3872,2592,JPEG,RGB,37e43247abe66ea63c079698e8ff0d433c3ece4411c08f88f2871b0ecede8922,e379f5d131198d03
train_images/57.Myzus persicae Sulzer/032.jpg,train_images,57.Myzus persicae Sulzer,9,蚜虫,candidate,,train_images/57.Myzus persicae Sulzer/032.jpg,3132782,3872,2592,JPEG,RGB,0ec3c38f0a780ef47efc9f3c09a12a3f8c03081d114ebb82375364c36d87bb38,3e3c99f3362c3898
train_images/57.Myzus persicae Sulzer/033.jpg,train_images,57.Myzus persicae Sulzer,9,蚜虫,candidate,,train_images/57.Myzus persicae Sulzer/033.jpg,3553960,3872,2592,JPEG,RGB,2f0414301dfb0ebb62d3fd5a23f6953aab83f36812f97a0ef07e157c3fd04475,594b8bcb4a2e19cb
train_images/57.Myzus persicae Sulzer/034.jpg,train_images,57.Myzus persicae Sulzer,9,蚜虫,candidate,,train_images/57.Myzus persicae Sulzer/034.jpg,3360311,3872,2592,JPEG,RGB,a85ce7ed6b958806adb10d5605d7f72c0ad90ae3ecab58970673f205dae72f1e,3a989c1c4c8dc566
train_images/57.Myzus persicae Sulzer/035.jpg,train_images,57.Myzus persicae Sulzer,9,蚜虫,candidate,,train_images/57.Myzus persicae Sulzer/035.jpg,3349350,3872,2592,JPEG,RGB,d55e4e135f442f06c56b243e8cc7fa7d7480cc3f2d55057bfe382e0906b0687e,3c98999c4c8ccca6
train_images/57.Myzus persicae Sulzer/036.jpg,train_images,57.Myzus persicae Sulzer,9,蚜虫,candidate,,train_images/57.Myzus persicae Sulzer/036.jpg,3487165,3872,2592,JPEG,RGB,499fe60a75bb2b581f90b2a636c88e44d11c3ac713bcb327058f55c49eb194ea,67c6c0831ffc9833
train_images/57.Myzus persicae Sulzer/037.jpg,train_images,57.Myzus persicae Sulzer,9,蚜虫,candidate,,train_images/57.Myzus persicae Sulzer/037.jpg,3134735,3872,2592,JPEG,RGB,43cc9fefe79b34a7a0dd033c91f45a8b2e8ea37fe5f5959ab94dc3efe5171b50,c0c0c0f188c00000
train_images/57.Myzus persicae Sulzer/038.jpg,train_images,57.Myzus persicae Sulzer,9,蚜虫,reject,unreadable:OSError:broken data stream when reading image file,,3041796,,,,,,
train_images/57.Myzus persicae Sulzer/039.jpg,train_images,57.Myzus persicae Sulzer,9,蚜虫,candidate,,train_images/57.Myzus persicae Sulzer/039.jpg,2910256,3872,2592,JPEG,RGB,69bc168b5f48144b8a61a7a6c7fcf88da6ab35c582c340527dcb61cde0f22910,1b1f486c59222000
train_images/57.Myzus persicae Sulzer/040.jpg,train_images,57.Myzus persicae Sulzer,9,蚜虫,candidate,,train_images/57.Myzus persicae Sulzer/040.jpg,2795309,3872,2592,JPEG,RGB,6aa7ee3ec73b537bf34e0fd8961ec484df59b5e22bea17e613ee98d51e71558e,ef3f486c19612200
train_images/57.Myzus persicae Sulzer/041.jpg,train_images,57.Myzus persicae Sulzer,9,蚜虫,candidate,,train_images/57.Myzus persicae Sulzer/041.jpg,2840029,3872,2592,JPEG,RGB,6b6a5cbec0be09e1aafb4c7830d660be7de27b08ae83ea2a89fb2c26b5540cbc,6666dc4819622040
train_images/57.Myzus persicae Sulzer/042.jpg,train_images,57.Myzus persicae Sulzer,9,蚜虫,candidate,,train_images/57.Myzus persicae Sulzer/042.jpg,3255863,3872,2592,JPEG,RGB,d69c87881574c98bdc57c7bee5c63e7fc59d1dff00d6e14dd2e273e391a17fdf,8f8597999173fbf9
train_images/57.Myzus persicae Sulzer/043.jpg,train_images,57.Myzus persicae Sulzer,9,蚜虫,candidate,,train_images/57.Myzus persicae Sulzer/043.jpg,3227397,3872,2592,JPEG,RGB,0970bcb7b7f5bb6ee4b1d0f823802edf9defa66c35fc119e3903c5ae04c9a44f,8727979991f3e3f5
train_images/57.Myzus persicae Sulzer/044.jpg,train_images,57.Myzus persicae Sulzer,9,蚜虫,candidate,,train_images/57.Myzus persicae Sulzer/044.jpg,3285087,3872,2592,JPEG,RGB,44211980ada13a86ec4223b4f70d6d7387dbf8c0baf5e1620077680168582063,4f47d79d0cdd791e
train_images/57.Myzus persicae Sulzer/045.jpg,train_images,57.Myzus persicae Sulzer,9,蚜虫,candidate,,train_images/57.Myzus persicae Sulzer/045.jpg,3576785,3872,2592,JPEG,RGB,7e7447e1008a6554394161b39b189eadac5f8f1670bdf2349ae45a4c4de93f7b,0163c6dd93a698f0
train_images/57.Myzus persicae Sulzer/046.jpg,train_images,57.Myzus persicae Sulzer,9,蚜虫,candidate,,train_images/57.Myzus persicae Sulzer/046.jpg,3841972,3872,2592,JPEG,RGB,f52fcec03d41f20ecf85b8329c64f447659cdd26e5348d85f73ca19bf2592cef,03e3c69d93a698b0
train_images/57.Myzus persicae Sulzer/047.jpg,train_images,57.Myzus persicae Sulzer,9,蚜虫,candidate,,train_images/57.Myzus persicae Sulzer/047.jpg,2802803,3872,2592,JPEG,RGB,50c50534bdb49dbc68091ef55b574c8d87b55bb7b527d848b96ba4fd57456a9f,13434b6363a60e7d
train_images/57.Myzus persicae Sulzer/048.jpg,train_images,57.Myzus persicae Sulzer,9,蚜虫,candidate,,train_images/57.Myzus persicae Sulzer/048.jpg,2833869,3872,2592,JPEG,RGB,824d17ceb8a0cce178688b86608754657269473f48c39878eab4a19a3878cb0b,13636b6363270e7e
train_images/57.Myzus persicae Sulzer/049.jpg,train_images,57.Myzus persicae Sulzer,9,蚜虫,candidate,,train_images/57.Myzus persicae Sulzer/049.jpg,3373349,3872,2592,JPEG,RGB,a44b3cf916a8c5d292747895a71452133f56a9ac08350bb71d528d73b3326d55,1e9ecfc2c7c31dbd
train_images/57.Myzus persicae Sulzer/050.jpg,train_images,57.Myzus persicae Sulzer,9,蚜虫,reject,unreadable:OSError:broken data stream when reading image file,,2737710,,,,,,
train_images/57.Myzus persicae Sulzer/051.jpg,train_images,57.Myzus persicae Sulzer,9,蚜虫,candidate,,train_images/57.Myzus persicae Sulzer/051.jpg,2641904,3872,2592,JPEG,RGB,2063c28c55f23bbd4425d15c35b153372f1fd56df8a5ba280418e92d58647b29,d1e1e1e1f9f1e3c1
train_images/57.Myzus persicae Sulzer/052.jpg,train_images,57.Myzus persicae Sulzer,9,蚜虫,candidate,,train_images/57.Myzus persicae Sulzer/052.jpg,2997536,3872,2592,JPEG,RGB,69af0b71039cf22886c2514dd885338deb0e951083c73de91e6fa11008c9a088,363676db786b6e5c
train_images/57.Myzus persicae Sulzer/053.jpg,train_images,57.Myzus persicae Sulzer,9,蚜虫,candidate,,train_images/57.Myzus persicae Sulzer/053.jpg,2946228,3872,2592,JPEG,RGB,e295369d3ef627f2d7be052fdb5a3362daf658959fe325f18ff1e47bb6d41019,3b3732523033c69e
train_images/57.Myzus persicae Sulzer/054.jpg,train_images,57.Myzus persicae Sulzer,9,蚜虫,candidate,,train_images/57.Myzus persicae Sulzer/054.jpg,2846697,3872,2592,JPEG,RGB,00612a8ed0af9512a2a34416e70128f281168a2026bb70048bd7d0054e3c8cfe,afc6c06b74787167
train_images/57.Myzus persicae Sulzer/055.jpg,train_images,57.Myzus persicae Sulzer,9,蚜虫,candidate,,train_images/57.Myzus persicae Sulzer/055.jpg,3042522,3872,2592,JPEG,RGB,d42278206fd6a7bf065492d9b3086b899c04ef7cc720df6bb8b19dd4c105fb1f,deecf6dad3d78e8e
train_images/57.Myzus persicae Sulzer/056.jpg,train_images,57.Myzus persicae Sulzer,9,蚜虫,candidate,,train_images/57.Myzus persicae Sulzer/056.jpg,20271623,7360,4912,MPO,RGB,10548b1b27272d416461fa76d0827826882a96b6d6796661a555b4c6c78f26fd,a2b8c017f3a6ec39
train_images/57.Myzus persicae Sulzer/057.jpg,train_images,57.Myzus persicae Sulzer,9,蚜虫,reject,unreadable:OSError:broken data stream when reading image file,,19993882,,,,,,
train_images/57.Myzus persicae Sulzer/058.jpg,train_images,57.Myzus persicae Sulzer,9,蚜虫,candidate,,train_images/57.Myzus persicae Sulzer/058.jpg,20201007,7360,4912,MPO,RGB,53ef56ffa08103243e46994dfe41fcc4cd919518253617fc01f87a7639f1dfdc,031c600793a7e44d
train_images/57.Myzus persicae Sulzer/059.jpg,train_images,57.Myzus persicae Sulzer,9,蚜虫,candidate,,train_images/57.Myzus persicae Sulzer/059.jpg,20576993,7360,4912,MPO,RGB,09bb66ca984cd2cdc1db7b5e0eb2180ff06895e1174d1147b39823b8a12bf984,818280c353a7ce9e
train_images/57.Myzus persicae Sulzer/060.jpg,train_images,57.Myzus persicae Sulzer,9,蚜虫,candidate,,train_images/57.Myzus persicae Sulzer/060.jpg,20496362,7360,4912,MPO,RGB,3abfa82332a2eb83bd079cf00ca8ac965209484746fda080c423a759ee550942,061c0107b3a6ce9b
train_images/57.Myzus persicae Sulzer/061.jpg,train_images,57.Myzus persicae Sulzer,9,蚜虫,reject,unreadable:OSError:broken data stream when reading image file,,20143807,,,,,,
train_images/57.Myzus persicae Sulzer/062.jpg,train_images,57.Myzus persicae Sulzer,9,蚜虫,candidate,,train_images/57.Myzus persicae Sulzer/062.jpg,20641709,7360,4912,MPO,RGB,24222a9e30cdf8f3deb3c5842d2ebddbf4bcf83e5169d4d5ecb32dc1429f2a24,edfee00593a387ce
train_images/57.Myzus persicae Sulzer/063.jpg,train_images,57.Myzus persicae Sulzer,9,蚜虫,reject,unreadable:OSError:broken data stream when reading image file,,20157135,,,,,,
train_images/57.Myzus persicae Sulzer/064.jpg,train_images,57.Myzus persicae Sulzer,9,蚜虫,candidate,,train_images/57.Myzus persicae Sulzer/064.jpg,19913159,7360,4912,MPO,RGB,0f3bedb6829a2bcafe25be4c5f818b6f4cad417b821acecaa8a75bf427908b57,40a0b89f83d0cece
train_images/57.Myzus persicae Sulzer/065.jpg,train_images,57.Myzus persicae Sulzer,9,蚜虫,candidate,,train_images/57.Myzus persicae Sulzer/065.jpg,19682076,7360,4912,MPO,RGB,1810c47239dce1d70d349b98feab545e6449ab8a4144199dca9fd001b1a0e31f,00a0b89eb3d0cca6
train_images/57.Myzus persicae Sulzer/066.jpg,train_images,57.Myzus persicae Sulzer,9,蚜虫,candidate,,train_images/57.Myzus persicae Sulzer/066.jpg,19719702,7360,4912,MPO,RGB,78a7d592c1f9dd2ce03a4bbb12e57f5e0d827dfda8cf11b05e4cf1c6c8fa040e,84c896bf5f47f3a9
train_images/57.Myzus persicae Sulzer/067.jpg,train_images,57.Myzus persicae Sulzer,9,蚜虫,candidate,,train_images/57.Myzus persicae Sulzer/067.jpg,19781361,7360,4912,MPO,RGB,fe6f94b7f4d1d833ca7e434ae12059b079b453b2f3b6e631c5de7de3c7f8a03c,86c896b75f4753ab
train_images/57.Myzus persicae Sulzer/068.jpg,train_images,57.Myzus persicae Sulzer,9,蚜虫,reject,unreadable:UnidentifiedImageError:cannot identify image file 'C:\\编程大赛数据\\Dataset\\pest65\\train_images\\57.Myzus persicae Sulzer\\068.jpg',,19843081,,,,,,
train_images/57.Myzus persicae Sulzer/069.jpg,train_images,57.Myzus persicae Sulzer,9,蚜虫,candidate,,train_images/57.Myzus persicae Sulzer/069.jpg,20014818,7360,4912,MPO,RGB,6c12cdb4f7222581baf01cb30a020796e17f68e63fa8b7f3660f6114acaf133c,f878581c0e6fd6cc
train_images/57.Myzus persicae Sulzer/070.jpg,train_images,57.Myzus persicae Sulzer,9,蚜虫,candidate,,train_images/57.Myzus persicae Sulzer/070.jpg,21200817,7360,4912,MPO,RGB,73d68fcf9d1b67ec513b5e6802686ccd6f8c319945eb50f87bd981c6436f57f6,c0c0c47430e1d3c3
train_images/57.Myzus persicae Sulzer/071.jpg,train_images,57.Myzus persicae Sulzer,9,蚜虫,reject,duplicate_or_near_duplicate:train_images/57.Myzus persicae Sulzer/070.jpg,train_images/57.Myzus persicae Sulzer/070.jpg,21187964,7360,4912,MPO,RGB,1961f9a14b7b3bf9fb96b6f20dd19173fa1514b09cb51fc7b3b0ae82131c11a7,c0c0c47430e1d3c3
train_images/57.Myzus persicae Sulzer/072.jpg,train_images,57.Myzus persicae Sulzer,9,蚜虫,reject,unreadable:OSError:broken data stream when reading image file,,20220131,,,,,,
train_images/57.Myzus persicae Sulzer/073.jpg,train_images,57.Myzus persicae Sulzer,9,蚜虫,candidate,,train_images/57.Myzus persicae Sulzer/073.jpg,20183860,7360,4912,MPO,RGB,9442226766fc4609bd1750635afe2f0d7b2fd8d731073e3436501c3af58d04ae,6667b7b3717c9893
train_images/57.Myzus persicae Sulzer/074.jpg,train_images,57.Myzus persicae Sulzer,9,蚜虫,candidate,,train_images/57.Myzus persicae Sulzer/074.jpg,20353553,7360,4912,MPO,RGB,b5ab6398723530b8156e1bbdfee85b3187249c80c1644ea0263862d811a2ac39,cac7e77430294b59
train_images/57.Myzus persicae Sulzer/075.jpg,train_images,57.Myzus persicae Sulzer,9,蚜虫,reject,unreadable:OSError:broken data stream when reading image file,,9265944,,,,,,
train_images/57.Myzus persicae Sulzer/076.jpg,train_images,57.Myzus persicae Sulzer,9,蚜虫,candidate,,train_images/57.Myzus persicae Sulzer/076.jpg,9337457,7360,4912,MPO,RGB,fb49dc3aad11837bac17d2a01376d89cac5d333e39f40e919b007ec9a35caa55,627260601899b3a3
train_images/57.Myzus persicae Sulzer/077.jpg,train_images,57.Myzus persicae Sulzer,9,蚜虫,candidate,,train_images/57.Myzus persicae Sulzer/077.jpg,9614823,7360,4912,MPO,RGB,338182437bcd4149becdc70577e5ba1ab75c8b46bc141c547a55726335674252,e3f363e6c6dff1c9
train_images/57.Myzus persicae Sulzer/078.jpg,train_images,57.Myzus persicae Sulzer,9,蚜虫,reject,unreadable:UnidentifiedImageError:cannot identify image file 'C:\\编程大赛数据\\Dataset\\pest65\\train_images\\57.Myzus persicae Sulzer\\078.jpg',,8862710,,,,,,
train_images/57.Myzus persicae Sulzer/079.jpg,train_images,57.Myzus persicae Sulzer,9,蚜虫,candidate,,train_images/57.Myzus persicae Sulzer/079.jpg,9268625,7360,4912,MPO,RGB,0c8e8b3a2f757de399f438d9401b22dcb3145dfc244b1859d895ca36302c69a9,5808591230606020
train_images/57.Myzus persicae Sulzer/080.jpg,train_images,57.Myzus persicae Sulzer,9,蚜虫,candidate,,train_images/57.Myzus persicae Sulzer/080.jpg,9842931,7360,4912,MPO,RGB,e10744c30f16a24e521c7ed75224617e7a9afe6206b912e774dc6821d18722f9,5e36f22f1f0f2fe8
train_images/57.Myzus persicae Sulzer/081.jpg,train_images,57.Myzus persicae Sulzer,9,蚜虫,candidate,,train_images/57.Myzus persicae Sulzer/081.jpg,9502543,7360,4912,MPO,RGB,d1e9fd2872f247e67a5ae9d4cd0f23f7c67ac1bb464932da4444dd20b4d14caa,98d06127a7c9e8c8
train_images/57.Myzus persicae Sulzer/082.jpg,train_images,57.Myzus persicae Sulzer,9,蚜虫,candidate,,train_images/57.Myzus persicae Sulzer/082.jpg,9249000,7360,4912,MPO,RGB,15bee070dd9a3be3be791079e7eb711dd015167c01861f85001974d61cdf2100,243839330797a3c1
train_images/57.Myzus persicae Sulzer/083.jpg,train_images,57.Myzus persicae Sulzer,9,蚜虫,candidate,,train_images/57.Myzus persicae Sulzer/083.jpg,9549694,7360,4912,MPO,RGB,966e3f9b8a13fa9217b5d9bb1bdca84c3b2990f474a7902c6885b927cfd8bb87,cccc3c1f73e08391
train_images/57.Myzus persicae Sulzer/084.jpg,train_images,57.Myzus persicae Sulzer,9,蚜虫,candidate,,train_images/57.Myzus persicae Sulzer/084.jpg,9481986,7360,4912,MPO,RGB,5dbdf727eb7add4a8cc59a02369ec1eeb8ffe190a35e0c8c80cf34921901a340,8cc83c3ff3c40381
train_images/57.Myzus persicae Sulzer/085.jpg,train_images,57.Myzus persicae Sulzer,9,蚜虫,candidate,,train_images/57.Myzus persicae Sulzer/085.jpg,9177776,7360,4912,MPO,RGB,98ad0a48f8b0cf99c3852c9a4516d50bb49ab48fa98a2d588070273f0eb3d83f,ca0e97a73796440c
train_images/57.Myzus persicae Sulzer/086.jpg,train_images,57.Myzus persicae Sulzer,9,蚜虫,candidate,,train_images/57.Myzus persicae Sulzer/086.jpg,9894416,7360,4912,MPO,RGB,e619c9658c264788c3161ae32ea748724445fe8e59ad1f7ecd469e68eccfa72e,ca8e92a32396c444
train_images/57.Myzus persicae Sulzer/087.jpg,train_images,57.Myzus persicae Sulzer,9,蚜虫,candidate,,train_images/57.Myzus persicae Sulzer/087.jpg,9213168,7360,4912,JPEG,RGB,932c806b2adde10541e4e94dac1619d550e2cff9d9c931b63f388eff675fdd39,3ec6f73b337313b1
train_images/57.Myzus persicae Sulzer/088.jpg,train_images,57.Myzus persicae Sulzer,9,蚜虫,candidate,,train_images/57.Myzus persicae Sulzer/088.jpg,8888144,7360,4912,JPEG,RGB,23369e89f329c4e5f5c5ebd0fcbe8093d7c3476713707ac4fdc760ab7f9a11a0,13170d1367cb9d41
train_images/57.Myzus persicae Sulzer/089.jpg,train_images,57.Myzus persicae Sulzer,9,蚜虫,candidate,,train_images/57.Myzus persicae Sulzer/089.jpg,9040843,7360,4912,JPEG,RGB,9d602cf4b5ae2a3be541f90cd673906e5e27172e6a8aedf772a1f2728bbc3404,2632210833424a3b
train_images/57.Myzus persicae Sulzer/090.jpg,train_images,57.Myzus persicae Sulzer,9,蚜虫,candidate,,train_images/57.Myzus persicae Sulzer/090.jpg,7152214,7360,4912,JPEG,RGB,e94b8302bcfaf8178275b745dd844a7ec59908359d06bc6553be2c306c0507c1,c98b3333634a88e3
train_images/57.Myzus persicae Sulzer/091.jpg,train_images,57.Myzus persicae Sulzer,9,蚜虫,candidate,,train_images/57.Myzus persicae Sulzer/091.jpg,8816657,7360,4912,MPO,RGB,85c13ce8a585eb06c7c39bb685b81f24652f37aaa502dd8e55a776219929e1b4,05642c1c1a982824
train_images/57.Myzus persicae Sulzer/092.jpg,train_images,57.Myzus persicae Sulzer,9,蚜虫,candidate,,train_images/57.Myzus persicae Sulzer/092.jpg,9155050,7360,4912,JPEG,RGB,b223f4782f94b70561725b4e0e8e6c0e6801eebdef9ee903914a7c2e4cca83e2,b150442642121652
train_images/57.Myzus persicae Sulzer/093.jpg,train_images,57.Myzus persicae Sulzer,9,蚜虫,candidate,,train_images/57.Myzus persicae Sulzer/093.jpg,8888837,7360,4912,MPO,RGB,77d29f4e0429d612eb250dcca558f95b2089a88cc174fa77c2d5c89257f4358c,e8fcfc72e9fd2ecc
train_images/57.Myzus persicae Sulzer/094.jpg,train_images,57.Myzus persicae Sulzer,9,蚜虫,candidate,,train_images/57.Myzus persicae Sulzer/094.jpg,9538542,7360,4912,MPO,RGB,5c6043bba34af945694ed6d7e5b3d5018e3bce89f2e11428a9630a4355133077,ecfcfe9ed3fa5e5c
train_images/57.Myzus persicae Sulzer/095.jpg,train_images,57.Myzus persicae Sulzer,9,蚜虫,candidate,,train_images/57.Myzus persicae Sulzer/095.jpg,8961649,7360,4912,MPO,RGB,6922850c33786c9445d9130a8c3d9cc9e8c85f0f83aef89d4212295ea1298978,49c981840864325a
train_images/57.Myzus persicae Sulzer/096.jpg,train_images,57.Myzus persicae Sulzer,9,蚜虫,candidate,,train_images/57.Myzus persicae Sulzer/096.jpg,9364518,7360,4912,MPO,RGB,80124858efc0ad84e4ad7f707fac1cf86e9edc504d8582928fb04c8ee92529e1,111814ad98b1a0ce
train_images/57.Myzus persicae Sulzer/097.jpg,train_images,57.Myzus persicae Sulzer,9,蚜虫,candidate,,train_images/57.Myzus persicae Sulzer/097.jpg,6606996,7360,4912,JPEG,RGB,50fc3539048ed2f60a5df14f6356edecbf829fe181ef751cb9be69b0da08c10c,6c5cac3c18ac5efb
train_images/57.Myzus persicae Sulzer/098.jpg,train_images,57.Myzus persicae Sulzer,9,蚜虫,candidate,,train_images/57.Myzus persicae Sulzer/098.jpg,20765022,7360,4912,MPO,RGB,bbb4516a0b7cbd8f44729de2aa3776ccc5e1629c52d3e776745b00ad5b615b7d,0e3a322466848bce
train_images/57.Myzus persicae Sulzer/099.jpg,train_images,57.Myzus persicae Sulzer,9,蚜虫,candidate,,train_images/57.Myzus persicae Sulzer/099.jpg,21026135,7360,4912,MPO,RGB,f8b8f890506789bf1e26faee1bb1e20ccf54024e019909e723e993d65cf3ddfb,03031212d15a0901
train_images/57.Myzus persicae Sulzer/100.jpg,train_images,57.Myzus persicae Sulzer,9,蚜虫,candidate,,train_images/57.Myzus persicae Sulzer/100.jpg,20498743,7360,4912,MPO,RGB,d5e92e1572326ef8cda1ecc36fb946ddee3cc5f3abc62aa36da8e463f2b54807,7ffff74f5ad3effe
train_images/57.Myzus persicae Sulzer/101.jpg,train_images,57.Myzus persicae Sulzer,9,蚜虫,reject,unreadable:OSError:broken data stream when reading image file,,20759158,,,,,,
train_images/57.Myzus persicae Sulzer/102.jpg,train_images,57.Myzus persicae Sulzer,9,蚜虫,candidate,,train_images/57.Myzus persicae Sulzer/102.jpg,21195514,7360,4912,MPO,RGB,680c0f370baa512f2ea0490fc7dbfa761621204bb40120ad791ee2234216c686,070f879b532f2f5f
train_images/57.Myzus persicae Sulzer/103.jpg,train_images,57.Myzus persicae Sulzer,9,蚜虫,reject,unreadable:OSError:broken data stream when reading image file,,21137237,,,,,,
train_images/57.Myzus persicae Sulzer/104.jpg,train_images,57.Myzus persicae Sulzer,9,蚜虫,candidate,,train_images/57.Myzus persicae Sulzer/104.jpg,20998408,7360,4912,MPO,RGB,7d6864b3498d72b69bc9ff9c163c37e48687c240a6a8659cdf221af43d2aecfc,20200a09b7261c36
train_images/57.Myzus persicae Sulzer/105.jpg,train_images,57.Myzus persicae Sulzer,9,蚜虫,candidate,,train_images/57.Myzus persicae Sulzer/105.jpg,21271172,7360,4912,MPO,RGB,daf7fa7052330c43c733d5aa97970875110657e92c1825a0e68b986a70c2f371,0503036aeb97030d
train_images/57.Myzus persicae Sulzer/106.jpg,train_images,57.Myzus persicae Sulzer,9,蚜虫,candidate,,train_images/57.Myzus persicae Sulzer/106.jpg,842665,2707,1733,JPEG,RGB,87ddd0878bee39a4caee714e5870a8166a64f513e683a782b505dd116c02d64f,0e23217871756061
train_images/57.Myzus persicae Sulzer/107.jpg,train_images,57.Myzus persicae Sulzer,9,蚜虫,candidate,,train_images/57.Myzus persicae Sulzer/107.jpg,18700868,7360,4912,MPO,RGB,22048a848e67dd9cbde33cd238040f8407901ef16b1959f9e27990eaebe000dd,9f972b33579f9b97
train_images/57.Myzus persicae Sulzer/108.jpg,train_images,57.Myzus persicae Sulzer,9,蚜虫,candidate,,train_images/57.Myzus persicae Sulzer/108.jpg,16404544,7360,4912,MPO,RGB,03f15c5ac2dd40e854e6db9fb058cebae39ad3ff12ba03063920bfe986af7173,9e971b9b379e9a83
train_images/57.Myzus persicae Sulzer/109.jpg,train_images,57.Myzus persicae Sulzer,9,蚜虫,candidate,,train_images/57.Myzus persicae Sulzer/109.jpg,14455588,7360,4912,MPO,RGB,913756afd3191281fc83e0e8cebf4b8719ddf7e7f36cd8b81389c6681820a981,cdccc0a4644c6a72
train_images/57.Myzus persicae Sulzer/110.jpg,train_images,57.Myzus persicae Sulzer,9,蚜虫,candidate,,train_images/57.Myzus persicae Sulzer/110.jpg,14386074,7360,4912,MPO,RGB,8067573c940cd40f9b428a8644361a4e5c65a72ed643ccc9d7cc717bd879716a,3327233352731938
train_images/57.Myzus persicae Sulzer/111.jpg,train_images,57.Myzus persicae Sulzer,9,蚜虫,candidate,,train_images/57.Myzus persicae Sulzer/111.jpg,14482238,7360,4912,MPO,RGB,2d41244c0ff13a5100765e44e28eeb75033fb7f0fd03bdac5f35889f9d117fb5,3363333252731938
train_images/57.Myzus persicae Sulzer/112.jpg,train_images,57.Myzus persicae Sulzer,9,蚜虫,candidate,,train_images/57.Myzus persicae Sulzer/112.jpg,1250172,2272,1704,JPEG,RGB,aedba67eb72682417f6bc051b3f05b7481fa78d9cf5142f3f04d20c45ea084dd,cdcf733a93368e49
train_images/57.Myzus persicae Sulzer/113.jpg,train_images,57.Myzus persicae Sulzer,9,蚜虫,candidate,,train_images/57.Myzus persicae Sulzer/113.jpg,1229347,2272,1704,JPEG,RGB,4ef9977a221ccc5c5d103105b8341db679d8b10b6e497fb26773f0fe9b35627d,cdc37a1a931e6e33
train_images/57.Myzus persicae Sulzer/114.jpg,train_images,57.Myzus persicae Sulzer,9,蚜虫,candidate,,train_images/57.Myzus persicae Sulzer/114.jpg,1332868,2272,1704,JPEG,RGB,185b80435de238a6b561333fea3e355a09f2530c1076b7d24a8f81ba9bfc2578,772303018184ac48
train_images/57.Myzus persicae Sulzer/115.jpg,train_images,57.Myzus persicae Sulzer,9,蚜虫,candidate,,train_images/57.Myzus persicae Sulzer/115.jpg,1308438,2272,1704,JPEG,RGB,1d82b35d9fa7ef3fa0aa5cbf260761a8b9223787fa8d10c6a65201475eaa4b82,b7930341c0840c48
train_images/57.Myzus persicae Sulzer/116.jpg,train_images,57.Myzus persicae Sulzer,9,蚜虫,candidate,,train_images/57.Myzus persicae Sulzer/116.jpg,1399456,2272,1704,JPEG,RGB,b25f83579e4b33e48a097a3c2611b6443733010c6e9a352bc7723895625bf3b7,b399095e3feffe7e
train_images/57.Myzus persicae Sulzer/117.jpg,train_images,57.Myzus persicae Sulzer,9,蚜虫,candidate,,train_images/57.Myzus persicae Sulzer/117.jpg,1284735,2272,1704,JPEG,RGB,72802f14685a851fcc85b56f9b698430ee932825bb6285103605056e75fca25e,bddd6e361b8d477f
train_images/57.Myzus persicae Sulzer/118.jpg,train_images,57.Myzus persicae Sulzer,9,蚜虫,candidate,,train_images/57.Myzus persicae Sulzer/118.jpg,1408604,2272,1704,JPEG,RGB,88e459aa75bc16c53d03ef01ffaa088f8fc24e0ef46ec2bb0e936caf3141724d,6ff9ded72762e0d2
train_images/57.Myzus persicae Sulzer/119.jpg,train_images,57.Myzus persicae Sulzer,9,蚜虫,candidate,,train_images/57.Myzus persicae Sulzer/119.jpg,1271942,2272,1704,JPEG,RGB,7a14d1223ba43e3a2d46aab3a14c8f4a8b24e31786a8fe3ca9190b65d6c47527,c7fbdcf72fe4e092
train_images/57.Myzus persicae Sulzer/120.jpg,train_images,57.Myzus persicae Sulzer,9,蚜虫,candidate,,train_images/57.Myzus persicae Sulzer/120.jpg,1298228,2272,1704,JPEG,RGB,1b271098b1be9aedb8f0639708c00f9fc30cca542d21b617d3660d51aae4c74a,2d35335b0f594d3d
train_images/57.Myzus persicae Sulzer/121.jpg,train_images,57.Myzus persicae Sulzer,9,蚜虫,candidate,,train_images/57.Myzus persicae Sulzer/121.jpg,1266917,2272,1704,JPEG,RGB,76809e9f5fa13345748139c43727d45ad490663787e3606b1cdcb8f06a3fdbaf,7ae3f434321a9e4e
train_images/57.Myzus persicae Sulzer/122.jpg,train_images,57.Myzus persicae Sulzer,9,蚜虫,candidate,,train_images/57.Myzus persicae Sulzer/122.jpg,1322025,2272,1704,JPEG,RGB,38b9b73f336d5133d6450091bfcb1c2b4f0d82267b1c28f7ded72c83cf826fe7,61407cc62864d01c
train_images/57.Myzus persicae Sulzer/123.jpg,train_images,57.Myzus persicae Sulzer,9,蚜虫,candidate,,train_images/57.Myzus persicae Sulzer/123.jpg,1341835,2272,1704,JPEG,RGB,d6cb91baa3729df124843bc76d81b1d06eaa4144c5edfe21f93ad67eb66b17b1,402cfc9020e01806
train_images/57.Myzus persicae Sulzer/124.jpg,train_images,57.Myzus persicae Sulzer,9,蚜虫,candidate,,train_images/57.Myzus persicae Sulzer/124.jpg,1308976,2272,1704,JPEG,RGB,635da6019bbec20803c4b7620c77cdab10cae23b16e88aacd68b7163d689aa01,4c5310661bc82d12
train_images/57.Myzus persicae Sulzer/125.jpg,train_images,57.Myzus persicae Sulzer,9,蚜虫,candidate,,train_images/57.Myzus persicae Sulzer/125.jpg,1152201,2272,1704,JPEG,RGB,157b641deb460d7a605196c3b2f035fac94924dc40cf33358dc2eea8e5d6883f,359c843b086481e0
train_images/57.Myzus persicae Sulzer/126.jpg,train_images,57.Myzus persicae Sulzer,9,蚜虫,candidate,,train_images/57.Myzus persicae Sulzer/126.jpg,1329556,2272,1704,JPEG,RGB,5ff987aeb53e772706fde63db86aeebe0b9aeecda599018a3abf1af922d67307,9db194321be4a438
train_images/57.Myzus persicae Sulzer/127.jpg,train_images,57.Myzus persicae Sulzer,9,蚜虫,reject,unreadable:OSError:broken data stream when reading image file,,1326827,,,,,,
train_images/57.Myzus persicae Sulzer/128.jpg,train_images,57.Myzus persicae Sulzer,9,蚜虫,candidate,,train_images/57.Myzus persicae Sulzer/128.jpg,1309734,2272,1704,JPEG,RGB,614aeb5f86826b82c6ddf4f41479edecc1552d78c5cde1b759c813bf3b50be28,9152d2c96840783f
train_images/57.Myzus persicae Sulzer/129.jpg,train_images,57.Myzus persicae Sulzer,9,蚜虫,candidate,,train_images/57.Myzus persicae Sulzer/129.jpg,1302872,2272,1704,JPEG,RGB,d6374c2804173e959584c59704b604465ca4b1123cb62cb91dbf336a12449c30,8d9833e6ac7868f8
train_images/57.Myzus persicae Sulzer/130.jpg,train_images,57.Myzus persicae Sulzer,9,蚜虫,candidate,,train_images/57.Myzus persicae Sulzer/130.jpg,1335658,2272,1704,JPEG,RGB,e31c05aaf5f07ed2eec86d74469b24ef75dd4cee752c8039d71d0a4f89cf6d47,899933e4bc68e0fc
train_images/57.Myzus persicae Sulzer/131.jpg,train_images,57.Myzus persicae Sulzer,9,蚜虫,candidate,,train_images/57.Myzus persicae Sulzer/131.jpg,1236703,2272,1704,JPEG,RGB,6e11f940052022bd99944405bb06a9535b9746e4bddc5f1cba2595e79a0083d4,3ff9fb733633379b
train_images/57.Myzus persicae Sulzer/132.jpg,train_images,57.Myzus persicae Sulzer,9,蚜虫,candidate,,train_images/57.Myzus persicae Sulzer/132.jpg,1235398,2272,1704,JPEG,RGB,08a8c8bc1470c7f7761d684f68fe445c8f17be6590bae5cc27b3a94cd889178a,1e6e6f6fef0fa7f9
train_images/57.Myzus persicae Sulzer/133.jpg,train_images,57.Myzus persicae Sulzer,9,蚜虫,candidate,,train_images/57.Myzus persicae Sulzer/133.jpg,1341951,2272,1704,JPEG,RGB,3c0b30a419e950bb4497f18e39c211dec288218e5bae5c1d773833ce05131f1a,2d2fc5c391c5c0c0
train_images/57.Myzus persicae Sulzer/134.jpg,train_images,57.Myzus persicae Sulzer,9,蚜虫,candidate,,train_images/57.Myzus persicae Sulzer/134.jpg,1186029,2272,1704,JPEG,RGB,cc77fc70e4d71166e65acc43f4ad5023f945270b01de17259d860ce5e869f6d4,c7c0ca92b41c1910
train_images/57.Myzus persicae Sulzer/135.jpg,train_images,57.Myzus persicae Sulzer,9,蚜虫,candidate,,train_images/57.Myzus persicae Sulzer/135.jpg,1290943,2272,1704,JPEG,RGB,645ca8f6c8eb6c61884dfb8c3c96554699541bfc74d21e8fef5a209c690f240f,464141d1919988ce
train_images/57.Myzus persicae Sulzer/136.jpg,train_images,57.Myzus persicae Sulzer,9,蚜虫,candidate,,train_images/57.Myzus persicae Sulzer/136.jpg,1312415,2272,1704,JPEG,RGB,28ecd54b4c58de60f05b532a5209c85c0ae1082e610a097631db151bac89a566,c1c1e0c031655f7b
train_images/57.Myzus persicae Sulzer/137.jpg,train_images,57.Myzus persicae Sulzer,9,蚜虫,candidate,,train_images/57.Myzus persicae Sulzer/137.jpg,1297088,2272,1704,JPEG,RGB,6f586fbf4b171c17b317ab99844f8b393552cc6740713d0047372c41de560ed2,c1c1e01030457ff9
train_images/57.Myzus persicae Sulzer/138.jpg,train_images,57.Myzus persicae Sulzer,9,蚜虫,reject,unreadable:OSError:broken data stream when reading image file,,1314366,,,,,,
train_images/57.Myzus persicae Sulzer/139.jpg,train_images,57.Myzus persicae Sulzer,9,蚜虫,candidate,,train_images/57.Myzus persicae Sulzer/139.jpg,1334080,2272,1704,JPEG,RGB,aad4b6b290e39d709748a88f51202dac8714fb237f8f3fb56ee9dd2dd13d84e3,3c16cbdb993f1303
train_images/57.Myzus persicae Sulzer/140.jpg,train_images,57.Myzus persicae Sulzer,9,蚜虫,candidate,,train_images/57.Myzus persicae Sulzer/140.jpg,1240822,2272,1704,JPEG,RGB,80eb9e7e7b51a13d34fd8d700de69373c1fe9297b6e2f4403939a3924b62a266,7b2d37139fbf371f
train_images/57.Myzus persicae Sulzer/141.jpg,train_images,57.Myzus persicae Sulzer,9,蚜虫,candidate,,train_images/57.Myzus persicae Sulzer/141.jpg,1411764,2272,1704,JPEG,RGB,bd6c9aa6f7e286bae7208206327fad3892ad2a1aa9fdc4ebf7746b13dbf5ca13,b9c971d3d993e7c7
train_images/57.Myzus persicae Sulzer/142.jpg,train_images,57.Myzus persicae Sulzer,9,蚜虫,candidate,,train_images/57.Myzus persicae Sulzer/142.jpg,1260799,2272,1704,JPEG,RGB,78a582444dab3f5ea30e031703852b084c6e38aef18479f47ef8b8a3bc8dadf2,0dc170f8f2722a31
train_images/57.Myzus persicae Sulzer/143.jpg,train_images,57.Myzus persicae Sulzer,9,蚜虫,candidate,,train_images/57.Myzus persicae Sulzer/143.jpg,1220640,2272,1704,JPEG,RGB,4079d7b9817ee9258a9ec93fb77de7d123096ea846086d4cf5081c54c8917378,cce93b77353f5f1f
train_images/57.Myzus persicae Sulzer/144.jpg,train_images,57.Myzus persicae Sulzer,9,蚜虫,candidate,,train_images/57.Myzus persicae Sulzer/144.jpg,1234736,2272,1704,JPEG,RGB,2459a75fcff4b39a19986237cc41e6ee00917bea7948388345e5bb27116d0e7c,177b537427ff3f0f
train_images/57.Myzus persicae Sulzer/145.jpg,train_images,57.Myzus persicae Sulzer,9,蚜虫,reject,unreadable:OSError:broken data stream when reading image file,,1227466,,,,,,
train_images/57.Myzus persicae Sulzer/146.jpg,train_images,57.Myzus persicae Sulzer,9,蚜虫,candidate,,train_images/57.Myzus persicae Sulzer/146.jpg,1256865,2272,1704,JPEG,RGB,7f51e131f97dc4c05ae40f7525264494dcbe06dae0751ba108265611eb782892,078f3e7bf0c6c58c
train_images/57.Myzus persicae Sulzer/147.jpg,train_images,57.Myzus persicae Sulzer,9,蚜虫,candidate,,train_images/57.Myzus persicae Sulzer/147.jpg,1348016,2272,1704,JPEG,RGB,92abbd5c55465a7306eecaf8b0f0156287f8acc13d87c618b10e2cc4ad6b5b22,5f2b2d34972d0181
train_images/57.Myzus persicae Sulzer/148.jpg,train_images,57.Myzus persicae Sulzer,9,蚜虫,candidate,,train_images/57.Myzus persicae Sulzer/148.jpg,1342029,2272,1704,JPEG,RGB,b3ddc3fdab396f3290e627997c686d54e076e9c3179c9e1f1364c22cf6deec64,29862de7a70703c0
train_images/57.Myzus persicae Sulzer/149.jpg,train_images,57.Myzus persicae Sulzer,9,蚜虫,candidate,,train_images/57.Myzus persicae Sulzer/149.jpg,1304657,2272,1704,JPEG,RGB,85ec6ee90f4b78d3acfbfeaf4cb668dd4cc106bbeba41137c3317328368c16ff,27494b3617042009
train_images/57.Myzus persicae Sulzer/150.jpg,train_images,57.Myzus persicae Sulzer,9,蚜虫,candidate,,train_images/57.Myzus persicae Sulzer/150.jpg,1290454,2272,1704,JPEG,RGB,e1b868c4cd159a49317bf0f7d436b81fecfd8246a6da5876a5e3c457792f68fe,4300121000600404
train_images/57.Myzus persicae Sulzer/151.jpg,train_images,57.Myzus persicae Sulzer,9,蚜虫,candidate,,train_images/57.Myzus persicae Sulzer/151.jpg,1318453,2272,1704,JPEG,RGB,52da2ef43c1fd663adfb3891b86ed8ba3fb72bb45c3f6c79dafe68f549a1ed78,0701001010002004
train_images/57.Myzus persicae Sulzer/152.jpg,train_images,57.Myzus persicae Sulzer,9,蚜虫,candidate,,train_images/57.Myzus persicae Sulzer/152.jpg,1208567,2272,1704,JPEG,RGB,be98c39a388f38d1e86b6eb5b0b219816b37dc8f61aed78c7f5105f199aa1dc5,03891c18384b0f1e
train_images/57.Myzus persicae Sulzer/153.jpg,train_images,57.Myzus persicae Sulzer,9,蚜虫,candidate,,train_images/57.Myzus persicae Sulzer/153.jpg,1293516,2272,1704,JPEG,RGB,7d8d08b29aa599accb81181528c59bb64c14f7ccc49ea48c180b6ca52903f330,410c4818376f0eaf
train_images/57.Myzus persicae Sulzer/154.jpg,train_images,57.Myzus persicae Sulzer,9,蚜虫,candidate,,train_images/57.Myzus persicae Sulzer/154.jpg,1269308,2272,1704,JPEG,RGB,acaf7d56725fd7aef0feaafac8e0fbd7d5b9f1f867f78a588a703068ad510715,0a48982171c5c7c6
train_images/57.Myzus persicae Sulzer/155.jpg,train_images,57.Myzus persicae Sulzer,9,蚜虫,candidate,,train_images/57.Myzus persicae Sulzer/155.jpg,1242777,2272,1704,JPEG,RGB,e50b0cb93ded30bb478f8a02435ab7560551630f11d0ea01ebd0d240e8a81e4e,4e58b0217187c7ce
train_images/57.Myzus persicae Sulzer/156.jpg,train_images,57.Myzus persicae Sulzer,9,蚜虫,candidate,,train_images/57.Myzus persicae Sulzer/156.jpg,1247037,2272,1704,JPEG,RGB,82229917772533f790b66dd0da628616b7bdc8c229937d828d5f676e735b6aea,0d4b90217187c6ee
train_images/57.Myzus persicae Sulzer/157.jpg,train_images,57.Myzus persicae Sulzer,9,蚜虫,candidate,,train_images/57.Myzus persicae Sulzer/157.jpg,1252480,2272,1704,JPEG,RGB,1fdd5acc4516cd818678b13fc5fd532a014a9d2b069244d9de89cd31025e3f74,4b4906f3f1d97c67
train_images/57.Myzus persicae Sulzer/158.jpg,train_images,57.Myzus persicae Sulzer,9,蚜虫,candidate,,train_images/57.Myzus persicae Sulzer/158.jpg,1254131,2272,1704,JPEG,RGB,d6d962d54509eca7d3475be337c0aaa5e188727b68871d9e4b292a929ff489af,69c943fbf1f97d66
train_images/57.Myzus persicae Sulzer/159.jpg,train_images,57.Myzus persicae Sulzer,9,蚜虫,candidate,,train_images/57.Myzus persicae Sulzer/159.jpg,1330624,2272,1704,JPEG,RGB,6711cad346bb171812c7584b6705663f9f666b56ca0857edd337fd84fd09b1e7,8c4cd16070e0dafd
train_images/57.Myzus persicae Sulzer/160.jpg,train_images,57.Myzus persicae Sulzer,9,蚜虫,candidate,,train_images/57.Myzus persicae Sulzer/160.jpg,1328278,2272,1704,JPEG,RGB,231833a33354f51ed182a78a8bb65bd3c832c4c4fe74d497e064be19c3ae356f,8848c161d1e0d8eb
train_images/57.Myzus persicae Sulzer/161.jpg,train_images,57.Myzus persicae Sulzer,9,蚜虫,candidate,,train_images/57.Myzus persicae Sulzer/161.jpg,1306191,2272,1704,JPEG,RGB,3f9deb9dc7c64adbc1e3ac334ac1ca9b0588b46b4df92b3a2a3dbaf7d930da82,e162820212204936
train_images/57.Myzus persicae Sulzer/162.jpg,train_images,57.Myzus persicae Sulzer,9,蚜虫,candidate,,train_images/57.Myzus persicae Sulzer/162.jpg,1307539,2272,1704,JPEG,RGB,0f28fc183bf79de825e0fb4774c52d8481c4ea145720f454c92745b2c1be3bd3,c1a1c0b87f6e532c
train_images/57.Myzus persicae Sulzer/163.jpg,train_images,57.Myzus persicae Sulzer,9,蚜虫,candidate,,train_images/57.Myzus persicae Sulzer/163.jpg,1289000,2272,1704,JPEG,RGB,040d7676801717b190d46dace9b146e1331b9f981450148e23ed56289f03ed62,d361c1387e5cd649
train_images/57.Myzus persicae Sulzer/164.jpg,train_images,57.Myzus persicae Sulzer,9,蚜虫,candidate,,train_images/57.Myzus persicae Sulzer/164.jpg,1307786,2272,1704,JPEG,RGB,33f719f1b21d3c7ed49c0fddf8f95f5a8a8842833b80cf7a77ad5011e1cc9c3d,8243c1787a4c9641
train_images/57.Myzus persicae Sulzer/165.jpg,train_images,57.Myzus persicae Sulzer,9,蚜虫,candidate,,train_images/57.Myzus persicae Sulzer/165.jpg,1286077,2272,1704,JPEG,RGB,408b07e46b2a25a647500208cf6b827488528048f6ce14ce8c915a78f995f610,e569ebe3b26767ec
train_images/57.Myzus persicae Sulzer/166.jpg,train_images,57.Myzus persicae Sulzer,9,蚜虫,candidate,,train_images/57.Myzus persicae Sulzer/166.jpg,1267447,2272,1704,JPEG,RGB,6b51208e00e42583d24db9f5032f2d4ec549854577c33ba40356fb0b11a4c29e,99cc16a5f1509030
train_images/57.Myzus persicae Sulzer/167.jpg,train_images,57.Myzus persicae Sulzer,9,蚜虫,candidate,,train_images/57.Myzus persicae Sulzer/167.jpg,1187274,2272,1704,JPEG,RGB,fd693587ffefb27e9782dcb5ca5d6424d1160433eea003b7411c920cd679a9b6,cd0ca6e3f1b16121
train_images/57.Myzus persicae Sulzer/168.jpg,train_images,57.Myzus persicae Sulzer,9,蚜虫,candidate,,train_images/57.Myzus persicae Sulzer/168.jpg,1297794,2272,1704,JPEG,RGB,6c837d3546f4807c14f70f2ea9e1aa97b1ddea1501232515c10c4837dd7af734,d92c86e3f1d16120
train_images/57.Myzus persicae Sulzer/169.jpg,train_images,57.Myzus persicae Sulzer,9,蚜虫,candidate,,train_images/57.Myzus persicae Sulzer/169.jpg,1244130,2272,1704,JPEG,RGB,3f7d6555323e8c84d7004cbeca1b4739bfbf7a2948c542736d5eaf421b0dccbe,d270e8c0c0c81848
train_images/57.Myzus persicae Sulzer/170.jpg,train_images,57.Myzus persicae Sulzer,9,蚜虫,candidate,,train_images/57.Myzus persicae Sulzer/170.jpg,1248708,2272,1704,JPEG,RGB,2f95f2a721a7ac5ab8c0bb369379babd56d5434eeea90557ece68e0a8e689d62,58d1b5664eb966dc
train_images/57.Myzus persicae Sulzer/171.jpg,train_images,57.Myzus persicae Sulzer,9,蚜虫,candidate,,train_images/57.Myzus persicae Sulzer/171.jpg,5774978,5616,3744,JPEG,RGB,eda81c36f9d5ab73a14f088457b4ba4795e117a98cb9e7cbe5820b9d4a410434,fb7f7d3e9fc2e1c9
train_images/57.Myzus persicae Sulzer/172.jpg,train_images,57.Myzus persicae Sulzer,9,蚜虫,candidate,,train_images/57.Myzus persicae Sulzer/172.jpg,6227526,5616,3744,JPEG,RGB,b9aefd2414882cfbb8d13d62af56f1adb081f896d2c4aa80a4fe018e84e55dec,c3d3d9d9797c7e3f
train_images/57.Myzus persicae Sulzer/173.jpg,train_images,57.Myzus persicae Sulzer,9,蚜虫,candidate,,train_images/57.Myzus persicae Sulzer/173.jpg,5707280,5616,3744,JPEG,RGB,734040bdccd63361ec2c3517ca37c7ecf750d68530e7903ad7a38a4d7d180b05,6667a7f3533b0500
train_images/57.Myzus persicae Sulzer/174.jpg,train_images,57.Myzus persicae Sulzer,9,蚜虫,candidate,,train_images/57.Myzus persicae Sulzer/174.jpg,6229629,5616,3744,JPEG,RGB,b82a16f15e6ca624334a77f6f25e23623c161dac1fdcf3a970b749d080960ffb,079b95e6916bc7cf
train_images/57.Myzus persicae Sulzer/175.jpg,train_images,57.Myzus persicae Sulzer,9,蚜虫,candidate,,train_images/57.Myzus persicae Sulzer/175.jpg,6201840,5616,3744,JPEG,RGB,8fe2010107606b2a5e68aab97bc9918f70a7713a4801b90ea145d8c96c2bcc41,66b1dc65b1d963a3
train_images/57.Myzus persicae Sulzer/176.jpg,train_images,57.Myzus persicae Sulzer,9,蚜虫,candidate,,train_images/57.Myzus persicae Sulzer/176.jpg,6378979,5616,3744,JPEG,RGB,a84f97657128a7cff14ed49d62b060453f55333e43eebb7842afee0d1e7aae72,9f3f3a1e7b13782e
train_images/57.Myzus persicae Sulzer/177.jpg,train_images,57.Myzus persicae Sulzer,9,蚜虫,candidate,,train_images/57.Myzus persicae Sulzer/177.jpg,7554195,5616,3744,JPEG,RGB,7fb200024f773244856ba368dbf25daef2516d70bdd17003ce43a79f7f8709b7,deea7ceefbfbf9dd
train_images/57.Myzus persicae Sulzer/178.jpg,train_images,57.Myzus persicae Sulzer,9,蚜虫,candidate,,train_images/57.Myzus persicae Sulzer/178.jpg,5843475,5616,3744,JPEG,RGB,a2b9d1346390bf8c216f0872eabe88013e6b46a8ac0029bf6188459d74ddbeee,fce9b193c76e3e1e
train_images/57.Myzus persicae Sulzer/179.jpg,train_images,57.Myzus persicae Sulzer,9,蚜虫,reject,unreadable:OSError:broken data stream when reading image file,,6021781,,,,,,
train_images/57.Myzus persicae Sulzer/180.jpg,train_images,57.Myzus persicae Sulzer,9,蚜虫,reject,unreadable:UnidentifiedImageError:cannot identify image file 'C:\\编程大赛数据\\Dataset\\pest65\\train_images\\57.Myzus persicae Sulzer\\180.jpg',,4983227,,,,,,
train_images/57.Myzus persicae Sulzer/181.jpg,train_images,57.Myzus persicae Sulzer,9,蚜虫,candidate,,train_images/57.Myzus persicae Sulzer/181.jpg,120759,747,473,JPEG,RGB,1ce0aaee0e3ba33ade77bf05e7fa7d71452c304789ca3060077bf4d8864c678d,269e34e4e32720c0
train_images/57.Myzus persicae Sulzer/182.jpg,train_images,57.Myzus persicae Sulzer,9,蚜虫,candidate,,train_images/57.Myzus persicae Sulzer/182.jpg,534952,1984,1116,JPEG,RGB,4e07a4c38823321be282c5c184d5cfaf94042b0c18acc40b0a7dea0ac1b9ab41,03896143319191d3
train_images/57.Myzus persicae Sulzer/183.jpg,train_images,57.Myzus persicae Sulzer,9,蚜虫,candidate,,train_images/57.Myzus persicae Sulzer/183.jpg,570278,1984,1116,JPEG,RGB,13fda4bc56749fe6c28096b1081c27adf496d68db0871bce45e3072131aca186,a1e7c6c3eeedfb5a
train_images/57.Myzus persicae Sulzer/184.jpg,train_images,57.Myzus persicae Sulzer,9,蚜虫,candidate,,train_images/57.Myzus persicae Sulzer/184.jpg,639428,1984,1116,JPEG,RGB,60bf72ddb01cbe4b8c101c01d8471ad754092f6ecd46c4bdabad3040f14ebc5c,5170a8c4f1f6f2e9
train_images/57.Myzus persicae Sulzer/185.jpg,train_images,57.Myzus persicae Sulzer,9,蚜虫,candidate,,train_images/57.Myzus persicae Sulzer/185.jpg,247215,1242,745,JPEG,RGB,aecfa2cc78ac5eaeefab14b81aff8e91c94b0d39a07459a7f1b3ff500f6a9010,4c5893b72707060f
train_images/57.Myzus persicae Sulzer/186.jpg,train_images,57.Myzus persicae Sulzer,9,蚜虫,candidate,,train_images/57.Myzus persicae Sulzer/186.jpg,605577,1984,1116,JPEG,RGB,ea4c0a8c5861e78ec3c09fdf6d6bcdce09a9252e3e6680a8e8b8b48d0f8cc12b,d4b392d4c7be288c
train_images/57.Myzus persicae Sulzer/187.jpg,train_images,57.Myzus persicae Sulzer,9,蚜虫,candidate,,train_images/57.Myzus persicae Sulzer/187.jpg,599376,1984,1116,JPEG,RGB,af89f9e30c5ae34033794ed0012ce63d012b55c7b64fcc40a817811055887d3b,a6a6d199c8e4b8d9
train_images/57.Myzus persicae Sulzer/188.jpg,train_images,57.Myzus persicae Sulzer,9,蚜虫,candidate,,train_images/57.Myzus persicae Sulzer/188.jpg,550615,1984,1116,JPEG,RGB,4e5c40cb2dee8c79b742402ed2bc2b0d2f7bd6ef7a538c32409191fd82922b51,fc3777f466ee1e1e
train_images/57.Myzus persicae Sulzer/189.jpg,train_images,57.Myzus persicae Sulzer,9,蚜虫,candidate,,train_images/57.Myzus persicae Sulzer/189.jpg,550590,1984,1116,JPEG,RGB,c88fbfcae8b459d9eccb215e18517362ed8209a95975a38a536e8f62f9728f1e,dc3776f662a61e1f
train_images/57.Myzus persicae Sulzer/190.jpg,train_images,57.Myzus persicae Sulzer,9,蚜虫,candidate,,train_images/57.Myzus persicae Sulzer/190.jpg,501302,1984,1116,JPEG,RGB,4eead50530fb6b5e4974d5bf98051de949fbcf5fab8b92a0822be5fe2314e562,361a293bd463f3e6
train_images/57.Myzus persicae Sulzer/191.jpg,train_images,57.Myzus persicae Sulzer,9,蚜虫,candidate,,train_images/57.Myzus persicae Sulzer/191.jpg,502113,1984,1116,JPEG,RGB,ce5582558a1d85d1c7e1c27468c6bf5a9ff7eaad98aefb9cca2301126c76f1c6,d67279cdc4e76ce6
train_images/57.Myzus persicae Sulzer/192.jpg,train_images,57.Myzus persicae Sulzer,9,蚜虫,candidate,,train_images/57.Myzus persicae Sulzer/192.jpg,319210,1401,835,JPEG,RGB,f2162ea215714374ba0ba3b4cbec8910d8c79d004ae6575868558b03914b4a1b,22e4ccb0f2c3a10d
train_images/57.Myzus persicae Sulzer/193.jpg,train_images,57.Myzus persicae Sulzer,9,蚜虫,candidate,,train_images/57.Myzus persicae Sulzer/193.jpg,562809,1984,1116,JPEG,RGB,f9ec8cbe7269317f516f66e68564ff87c2806c1c01e6e08bda398383b2613445,13e3c680904ce673
train_images/57.Myzus persicae Sulzer/194.jpg,train_images,57.Myzus persicae Sulzer,9,蚜虫,candidate,,train_images/57.Myzus persicae Sulzer/194.jpg,526352,1984,1116,JPEG,RGB,c6e9e12774ef5fa7fb8562bd2233a83c9f8096316392d049d0ed5352ed5b83e0,86808bc25058686c
train_images/57.Myzus persicae Sulzer/195.jpg,train_images,57.Myzus persicae Sulzer,9,蚜虫,candidate,,train_images/57.Myzus persicae Sulzer/195.jpg,491268,1984,1116,JPEG,RGB,37b5c385ceaacf2c66e5f4706fe6d2e721f1c58a9189c90b7d047d6fef126a53,010485e1a191d948
train_images/57.Myzus persicae Sulzer/196.jpg,train_images,57.Myzus persicae Sulzer,9,蚜虫,candidate,,train_images/57.Myzus persicae Sulzer/196.jpg,474459,1984,1116,JPEG,RGB,95cd8f8a79d0e3ed83f71cd4602e3d80c8b68bee1a38da04ceac143f8340298f,06c6d2b7333393ae
train_images/57.Myzus persicae Sulzer/197.jpg,train_images,57.Myzus persicae Sulzer,9,蚜虫,candidate,,train_images/57.Myzus persicae Sulzer/197.jpg,487081,1984,1116,JPEG,RGB,8318f69c52de14316e3609b7bd9e854ed65e06daea95f5c74cb608e4a22b23fd,2727e6c8c3c5b99a
train_images/57.Myzus persicae Sulzer/198.jpg,train_images,57.Myzus persicae Sulzer,9,蚜虫,candidate,,train_images/57.Myzus persicae Sulzer/198.jpg,218281,1147,727,JPEG,RGB,5c8d5e7896240cde4532f82dba856b12f242212d13b4a5d3fcebf485dcc25039,7e6ebef4f4f9f8e8
train_images/57.Myzus persicae Sulzer/199.jpg,train_images,57.Myzus persicae Sulzer,9,蚜虫,candidate,,train_images/57.Myzus persicae Sulzer/199.jpg,216471,741,1117,JPEG,RGB,1d43adea24312c523a2d1c0a316e9124d8c5c6606939823bd5753d1254f6959e,dddd6773b35ebcf6
train_images/57.Myzus persicae Sulzer/200.jpg,train_images,57.Myzus persicae Sulzer,9,蚜虫,candidate,,train_images/57.Myzus persicae Sulzer/200.jpg,241727,804,1169,JPEG,RGB,516d38564811456ba28f679e2ba4771fd79b1941b23c7c0af2c5c1ca84cfa33c,ddcd6772b25dbcf6
train_images/57.Myzus persicae Sulzer/201.jpg,train_images,57.Myzus persicae Sulzer,9,蚜虫,reject,unreadable:OSError:broken data stream when reading image file,,5970101,,,,,,
train_images/57.Myzus persicae Sulzer/202.jpg,train_images,57.Myzus persicae Sulzer,9,蚜虫,candidate,,train_images/57.Myzus persicae Sulzer/202.jpg,282825,1600,1200,JPEG,RGB,82ecdd24dfd9576590597a98670d2233ac5671ead6357e38800d818d311cd087,96963bb7f1fbffdb
train_images/57.Myzus persicae Sulzer/203.jpg,train_images,57.Myzus persicae Sulzer,9,蚜虫,candidate,,train_images/57.Myzus persicae Sulzer/203.jpg,253711,1600,1200,JPEG,RGB,458aaf17525003769265310b3661c33dc0f471e6849a0e517591fe8e25397008,9e9b3db371f9ffcb
train_images/57.Myzus persicae Sulzer/204.jpg,train_images,57.Myzus persicae Sulzer,9,蚜虫,candidate,,train_images/57.Myzus persicae Sulzer/204.jpg,65023,429,569,JPEG,RGB,5c9d5b2b38f22271228256efb51b369f546ebb709e895a1f78e1f9e9c619f9c4,27cd533230586a6c
train_images/57.Myzus persicae Sulzer/205.jpg,train_images,57.Myzus persicae Sulzer,9,蚜虫,reject,duplicate_or_near_duplicate:train_images/57.Myzus persicae Sulzer/206.jpg,train_images/57.Myzus persicae Sulzer/206.jpg,53444,376,469,JPEG,RGB,c0f4188d90bdeee98e643a663123bed53000a2dd2fc13467d3090db24a2cd57d,8d9d72303459ea6c
train_images/57.Myzus persicae Sulzer/206.jpg,train_images,57.Myzus persicae Sulzer,9,蚜虫,candidate,,train_images/57.Myzus persicae Sulzer/206.jpg,60076,386,522,JPEG,RGB,4290b1f5c0719d8ab9425d83d25cfe3ffb62f392d9559f769301f09ce2aacf66,0d9d733034596a6c
train_images/57.Myzus persicae Sulzer/207.jpg,train_images,57.Myzus persicae Sulzer,9,蚜虫,candidate,,train_images/57.Myzus persicae Sulzer/207.jpg,72604,471,601,JPEG,RGB,2f0b772b5c25ae0d24a8e08709bebd85bcaf3f004e89af418593578cbd0a5a1b,4d99b33131193a2e
train_images/57.Myzus persicae Sulzer/208.jpg,train_images,57.Myzus persicae Sulzer,9,蚜虫,candidate,,train_images/57.Myzus persicae Sulzer/208.jpg,54916,386,506,JPEG,RGB,2a1a4f80d7f72b2269342ca14f3363be07b5b7b84e80bfa2cced0270ff4abcfa,4c89333030188e64
train_images/57.Myzus persicae Sulzer/209.jpg,train_images,57.Myzus persicae Sulzer,9,蚜虫,candidate,,train_images/57.Myzus persicae Sulzer/209.jpg,86431,792,474,JPEG,RGB,4f2b11d07fcdbcfee9ac07456504ab36b6f018fa7f04ade6c591f5a767c4f551,535392b230654953
train_images/57.Myzus persicae Sulzer/210.jpg,train_images,57.Myzus persicae Sulzer,9,蚜虫,candidate,,train_images/57.Myzus persicae Sulzer/210.jpg,58036,554,347,JPEG,RGB,706ea291080b944a55b0d74d5385680ed0937f03b36c2e1ad24fdd5cc62eaf6b,95b3337179d2c3c4
train_images/57.Myzus persicae Sulzer/211.jpg,train_images,57.Myzus persicae Sulzer,9,蚜虫,reject,duplicate_or_near_duplicate:train_images/57.Myzus persicae Sulzer/210.jpg,train_images/57.Myzus persicae Sulzer/210.jpg,61191,529,348,JPEG,RGB,4bd7c737bdf12d0eb8593a239b7cf7eaacabf26690325d3842a95e26ed37b4f7,95b3337079d3c384
train_images/57.Myzus persicae Sulzer/212.jpg,train_images,57.Myzus persicae Sulzer,9,蚜虫,reject,duplicate_or_near_duplicate:train_images/57.Myzus persicae Sulzer/214.jpg,train_images/57.Myzus persicae Sulzer/214.jpg,78790,476,585,JPEG,RGB,28a0e9e082f45dbc5ba89d291c4b68cc181fe8d9cabd43be53bacb93eddb54eb,18a6d2f074486360
train_images/57.Myzus persicae Sulzer/213.jpg,train_images,57.Myzus persicae Sulzer,9,蚜虫,candidate,,train_images/57.Myzus persicae Sulzer/213.jpg,76684,465,596,JPEG,RGB,7538276485c7d065651bd91e0b6fa539cb658a6bee91fe14f976dcda1263ba0f,1824d2f4f4d86161
train_images/57.Myzus persicae Sulzer/214.jpg,train_images,57.Myzus persicae Sulzer,9,蚜虫,candidate,,train_images/57.Myzus persicae Sulzer/214.jpg,87147,481,627,JPEG,RGB,f9105e743d3af630514ac34caae418b52414d9792cdb87ab0e6d3ff6df084358,18a4d2f474486260
train_images/57.Myzus persicae Sulzer/215.jpg,train_images,57.Myzus persicae Sulzer,9,蚜虫,candidate,,train_images/57.Myzus persicae Sulzer/215.jpg,75363,444,590,JPEG,RGB,b7a04151fae322f54692fb53eef5e2cb9f3152393e8a4c4db9a775f342e1f8ec,18a2d2f0f45c6361
train_images/57.Myzus persicae Sulzer/216.jpg,train_images,57.Myzus persicae Sulzer,9,蚜虫,candidate,,train_images/57.Myzus persicae Sulzer/216.jpg,94113,513,669,JPEG,RGB,c062c7a242ef7e512cf891ecf9e1b86c058f723550e6f65b2c7ebdc7de86a4d1,0990d2707c686264
train_images/57.Myzus persicae Sulzer/217.jpg,train_images,57.Myzus persicae Sulzer,9,蚜虫,candidate,,train_images/57.Myzus persicae Sulzer/217.jpg,85260,508,643,JPEG,RGB,325dc6de8189b54acc9dd6de91d578e27632e02a69047b2a228f7232fa6d1d06,8d98d270746c6162
train_images/57.Myzus persicae Sulzer/218.jpg,train_images,57.Myzus persicae Sulzer,9,蚜虫,candidate,,train_images/57.Myzus persicae Sulzer/218.jpg,84081,486,585,JPEG,RGB,ec51d090a308a2ee0bcd0e7b519d04249737511308b152f67e961d3b82f00fd2,18b4d27474686360
train_images/57.Myzus persicae Sulzer/219.jpg,train_images,57.Myzus persicae Sulzer,9,蚜虫,candidate,,train_images/57.Myzus persicae Sulzer/219.jpg,81532,460,623,JPEG,RGB,81a8fe2fbd9c94e108e8e4528fa05ce66224802238294e17c1ab30477e2e7d3f,346592f0dc7c6360
train_images/57.Myzus persicae Sulzer/220.jpg,train_images,57.Myzus persicae Sulzer,9,蚜虫,candidate,,train_images/57.Myzus persicae Sulzer/220.jpg,105286,592,743,JPEG,RGB,3a50b0d406b8121a76bddda51987addb9e720aa678c3921ea9cf76397441a16f,1f25d37178782231
train_images/57.Myzus persicae Sulzer/221.jpg,train_images,57.Myzus persicae Sulzer,9,蚜虫,reject,duplicate_or_near_duplicate:train_images/57.Myzus persicae Sulzer/220.jpg,train_images/57.Myzus persicae Sulzer/220.jpg,97157,555,696,JPEG,RGB,b2fccd0385313bc68d59610f0f27333d4b85e4c85e4e72fe2df729f572b95d68,1b25d3f178782231
train_images/57.Myzus persicae Sulzer/222.jpg,train_images,57.Myzus persicae Sulzer,9,蚜虫,candidate,,train_images/57.Myzus persicae Sulzer/222.jpg,134177,660,838,JPEG,RGB,cc26ce60c5093b3347891081ca7db5eee885ed8e1026b9572ff22db8282277de,0b9f617178383530
train_images/57.Myzus persicae Sulzer/223.jpg,train_images,57.Myzus persicae Sulzer,9,蚜虫,candidate,,train_images/57.Myzus persicae Sulzer/223.jpg,106740,560,732,JPEG,RGB,91583af5ac43ab51cf0dd0fd080897ac1b68ffd362f0ea649012b86b8976d651,0b19a5f171786221
train_images/57.Myzus persicae Sulzer/224.jpg,train_images,57.Myzus persicae Sulzer,9,蚜虫,candidate,,train_images/57.Myzus persicae Sulzer/224.jpg,360334,1476,967,JPEG,RGB,001365e19ca410c88088d1c87f3542dfda4ec67297f93c6a1a093d257dba7b05,17397b6a4c69c42c
train_images/57.Myzus persicae Sulzer/225.jpg,train_images,57.Myzus persicae Sulzer,9,蚜虫,candidate,,train_images/57.Myzus persicae Sulzer/225.jpg,2908618,3968,2232,JPEG,RGB,da2525265cf86b52dd646edfc9641a17d9b5b6df32379bb04301139320a689bd,13b3a37bfce40406
train_images/57.Myzus persicae Sulzer/226.jpg,train_images,57.Myzus persicae Sulzer,9,蚜虫,candidate,,train_images/57.Myzus persicae Sulzer/226.jpg,2908217,3968,2232,JPEG,RGB,3d46c7f824dd68bffc3ba8ac1d2d11e44ecbc2019a8170ff54bfeb9245b52ef3,1333b31f7ce48646
train_images/57.Myzus persicae Sulzer/227.jpg,train_images,57.Myzus persicae Sulzer,9,蚜虫,candidate,,train_images/57.Myzus persicae Sulzer/227.jpg,38521,832,640,JPEG,RGB,831bdf2300ee1fc4e16990368b4adddaa7cd20320412f8a98c5887aa85d2b0c9,636360ccc898bd5c
train_images/57.Myzus persicae Sulzer/228.jpg,train_images,57.Myzus persicae Sulzer,9,蚜虫,candidate,,train_images/57.Myzus persicae Sulzer/228.jpg,125767,1024,768,JPEG,RGB,f4ec0a311543014b09ca77e485c22c550b63b4f50862ef54043a2e822192ebc1,64ce9cfdf69faf2c
train_images/57.Myzus persicae Sulzer/229.jpg,train_images,57.Myzus persicae Sulzer,9,蚜虫,candidate,,train_images/57.Myzus persicae Sulzer/229.jpg,144965,1152,768,JPEG,RGB,b62545a1c0f700c7c1762e9decb0eae1cde16f3feaa44dcd7d1f55b615264330,f3f37172aca5e261
train_images/57.Myzus persicae Sulzer/230.jpg,train_images,57.Myzus persicae Sulzer,9,蚜虫,candidate,,train_images/57.Myzus persicae Sulzer/230.jpg,146613,1600,1200,JPEG,RGB,2e40b374f5efc8b239da39351efa20ed8da222dbb840b27069b2b69e2454aece,363379cd92320b8d
train_images/57.Myzus persicae Sulzer/231.jpg,train_images,57.Myzus persicae Sulzer,9,蚜虫,candidate,,train_images/57.Myzus persicae Sulzer/231.jpg,234369,1600,1200,JPEG,RGB,2c79586fe6488dc5f9994b16db7781982dbd93e792c8ddb711be99faa9fff065,263271d995341a8d
train_images/57.Myzus persicae Sulzer/232.jpg,train_images,57.Myzus persicae Sulzer,9,蚜虫,candidate,,train_images/57.Myzus persicae Sulzer/232.jpg,519675,2272,1704,JPEG,RGB,b072034462a3ed6f1f38d7afa28b83d7359890e2951db26e8a65639ea28bb54b,10333b33372b4ecf
train_images/57.Myzus persicae Sulzer/233.jpg,train_images,57.Myzus persicae Sulzer,9,蚜虫,candidate,,train_images/57.Myzus persicae Sulzer/233.jpg,55766,544,704,JPEG,RGB,3548e77fc93f2c40e65b147ce07855af644690f42af5ba3906144da70cb65462,7c7cdb981d9cc931
train_images/57.Myzus persicae Sulzer/234.jpg,train_images,57.Myzus persicae Sulzer,9,蚜虫,candidate,,train_images/57.Myzus persicae Sulzer/234.jpg,93294,1600,1200,JPEG,RGB,09ca9ff3e5260bb39d63b17477286bc6eb4c658564606451d6e335586b955d70,83060704248c8c29
train_images/57.Myzus persicae Sulzer/235.jpg,train_images,57.Myzus persicae Sulzer,9,蚜虫,candidate,,train_images/57.Myzus persicae Sulzer/235.jpg,111601,1600,1200,JPEG,RGB,24c1020673bd3b042ca19eb6c782eab5ee8cd7faa9fd4afd0c9bcd43f3c05579,03060604240c0c48
train_images/57.Myzus persicae Sulzer/236.jpg,train_images,57.Myzus persicae Sulzer,9,蚜虫,reject,unreadable:OSError:broken data stream when reading image file,,3236355,,,,,,
train_images/57.Myzus persicae Sulzer/237.jpg,train_images,57.Myzus persicae Sulzer,9,蚜虫,candidate,,train_images/57.Myzus persicae Sulzer/237.jpg,3691688,3648,2736,JPEG,RGB,b0deb39be6baf872a8ec44d09a1b7acc44920e765da8fb18de4eb63958d6e8cf,d3f5cc9c9cc9e0a0
train_images/57.Myzus persicae Sulzer/238.jpg,train_images,57.Myzus persicae Sulzer,9,蚜虫,reject,unreadable:OSError:broken data stream when reading image file,,3791463,,,,,,
train_images/57.Myzus persicae Sulzer/239.jpg,train_images,57.Myzus persicae Sulzer,9,蚜虫,candidate,,train_images/57.Myzus persicae Sulzer/239.jpg,3716373,3648,2736,JPEG,RGB,86245ef83ae7217a5947bcd61eed7118db9dd0c8e3e4dcfb0f7fb3c86d45e541,b3e4cc9c9989e8e0
train_images/57.Myzus persicae Sulzer/240.jpg,train_images,57.Myzus persicae Sulzer,9,蚜虫,candidate,,train_images/57.Myzus persicae Sulzer/240.jpg,3624312,3648,2736,JPEG,RGB,ab0b9914fa6923826206982f4573a03c1c68ed236dc7c34f883475c1361d428a,ca987541060a0906
train_images/57.Myzus persicae Sulzer/241.jpg,train_images,57.Myzus persicae Sulzer,9,蚜虫,candidate,,train_images/57.Myzus persicae Sulzer/241.jpg,3804514,3648,2736,JPEG,RGB,c30c2085ef3776ec78517c2aa84c9e91c273a6d23b38e9b380fd49952c548fa6,6fc939d59e080410
train_images/57.Myzus persicae Sulzer/242.jpg,train_images,57.Myzus persicae Sulzer,9,蚜虫,candidate,,train_images/57.Myzus persicae Sulzer/242.jpg,803510,1566,2108,JPEG,RGB,8a055977a29b60ab35147dc7d9a19118ab8b9d82b280df5624ce9f302871a6b6,bd54d6b7b5d463c0
train_images/57.Myzus persicae Sulzer/243.jpg,train_images,57.Myzus persicae Sulzer,9,蚜虫,candidate,,train_images/57.Myzus persicae Sulzer/243.jpg,653613,1393,1918,JPEG,RGB,2ad92b725573d2191a88a86b6b37617ec98a95e7f4848c1b6af003efcaa6a811,3514d2b535b4e463
train_images/57.Myzus persicae Sulzer/244.jpg,train_images,57.Myzus persicae Sulzer,9,蚜虫,reject,unreadable:OSError:broken data stream when reading image file,,8069915,,,,,,
train_images/57.Myzus persicae Sulzer/245.jpg,train_images,57.Myzus persicae Sulzer,9,蚜虫,candidate,,train_images/57.Myzus persicae Sulzer/245.jpg,3623333,3872,2592,JPEG,RGB,d65779388054716d51fb26b041ef843eb8cc83d763fff91ec056e1c994c63d07,4cce46c7cd595bd3
train_images/57.Myzus persicae Sulzer/246.jpg,train_images,57.Myzus persicae Sulzer,9,蚜虫,candidate,,train_images/57.Myzus persicae Sulzer/246.jpg,3614471,3872,2592,JPEG,RGB,1907aa7968cc7e4650cea99d8ebe113a58c328b874b7058352005e886a0ee6e0,adb7b5dd8b48090b
train_images/57.Myzus persicae Sulzer/247.jpg,train_images,57.Myzus persicae Sulzer,9,蚜虫,candidate,,train_images/57.Myzus persicae Sulzer/247.jpg,392578,1936,1296,JPEG,RGB,7a24ded3bd09d94cad861ebb9e57861ddd26a75107f854af75d9ea75d56c8ff1,e3474777771d1b8f
train_images/57.Myzus persicae Sulzer/248.jpg,train_images,57.Myzus persicae Sulzer,9,蚜虫,candidate,,train_images/57.Myzus persicae Sulzer/248.jpg,446105,1936,1296,JPEG,RGB,72f42841c368862752aeeb7cdc18820267919e05d8e8027934a13cc19b97e38c,cf87c7a3b38b0100
train_images/57.Myzus persicae Sulzer/249.jpg,train_images,57.Myzus persicae Sulzer,9,蚜虫,candidate,,train_images/57.Myzus persicae Sulzer/249.jpg,580964,1936,1296,JPEG,RGB,d74368d5c093bfd873b5b1210d99539de0dd3c71087481017dd555718f94405f,8ec13f6971b93531
train_images/57.Myzus persicae Sulzer/250.jpg,train_images,57.Myzus persicae Sulzer,9,蚜虫,candidate,,train_images/57.Myzus persicae Sulzer/250.jpg,3123387,3968,2232,JPEG,RGB,294b90eabebbdd55fd4126dd67f3f12128cb5dc2263a4c5af02aa746774242f4,4191f09c62a19e9b
train_images/57.Myzus persicae Sulzer/251.jpg,train_images,57.Myzus persicae Sulzer,9,蚜虫,candidate,,train_images/57.Myzus persicae Sulzer/251.jpg,3185172,3968,2232,JPEG,RGB,d3da5831bbb7bdcb284ac741f9c8e564df16e81b937a9a5916446e26abe43f0c,6391f09c63a09e9b
train_images/57.Myzus persicae Sulzer/252.jpg,train_images,57.Myzus persicae Sulzer,9,蚜虫,candidate,,train_images/57.Myzus persicae Sulzer/252.jpg,3442934,3968,2232,JPEG,RGB,da6af4c7352ccf0072887d56a264f7830320675ba501da8431be3545db55cb05,0c0c9c1a6ae76b7a
train_images/57.Myzus persicae Sulzer/253.jpg,train_images,57.Myzus persicae Sulzer,9,蚜虫,candidate,,train_images/57.Myzus persicae Sulzer/253.jpg,3285691,3968,2232,JPEG,RGB,ee358b96d456ac21ea7ce3729f17c183e1eabb074f55bd96a17e478a5a64ee7c,9071d5d3d3f47333
train_images/57.Myzus persicae Sulzer/254.jpg,train_images,57.Myzus persicae Sulzer,9,蚜虫,candidate,,train_images/57.Myzus persicae Sulzer/254.jpg,3411129,3968,2232,JPEG,RGB,3828c9e02e459a8028039ed0be95b9724e12caf49619e05b469a11a569735cfa,0e162c3c7c8d494d
train_images/57.Myzus persicae Sulzer/255.jpg,train_images,57.Myzus persicae Sulzer,9,蚜虫,candidate,,train_images/57.Myzus persicae Sulzer/255.jpg,3468955,3968,2232,JPEG,RGB,53c4ca3a6d05803b87d8fec34afc19c527601eff39f7250029d1108630ef3bb3,1e164c3c680d6d20
train_images/58.Aphis gossypii Glover/000.jpg,train_images,58.Aphis gossypii Glover,9,蚜虫,candidate,,train_images/58.Aphis gossypii Glover/000.jpg,1370408,2272,1704,JPEG,RGB,5636b774df25d72a3ad0d12d0b0d413d348f3c7b991e20942cb880403ceb4383,28cad2d196909499
train_images/58.Aphis gossypii Glover/001.jpg,train_images,58.Aphis gossypii Glover,9,蚜虫,reject,duplicate_or_near_duplicate:train_images/58.Aphis gossypii Glover/072.jpg,train_images/58.Aphis gossypii Glover/072.jpg,1296933,2272,1704,JPEG,RGB,fc88d82a41d016e4e8f6f1b29abfe13e974a5fb819e3d484bee94929691657e9,9098d3e3f2dc0406
train_images/58.Aphis gossypii Glover/002.jpg,train_images,58.Aphis gossypii Glover,9,蚜虫,reject,duplicate_or_near_duplicate:train_images/58.Aphis gossypii Glover/070.jpg,train_images/58.Aphis gossypii Glover/070.jpg,1325310,2272,1704,JPEG,RGB,66e7ad0a0d6d3343bf2dd9456be9382f0901013215c534c5dc90305363cfba4a,9bb727c0c9cd4c26
train_images/58.Aphis gossypii Glover/003.jpg,train_images,58.Aphis gossypii Glover,9,蚜虫,candidate,,train_images/58.Aphis gossypii Glover/003.jpg,1322428,2272,1704,JPEG,RGB,4b59b42edb990bbbaab582e7cceb85861d48bdee591f1d2bb1163af4965d05a5,8989132430616468
train_images/58.Aphis gossypii Glover/004.jpg,train_images,58.Aphis gossypii Glover,9,蚜虫,candidate,,train_images/58.Aphis gossypii Glover/004.jpg,564292,2272,1704,JPEG,RGB,e66461483f1232c233ceb7d496aaf0f6ea630418a2fe004c558388a69c9279e8,36006633d4c8af3b
train_images/58.Aphis gossypii Glover/005.jpg,train_images,58.Aphis gossypii Glover,9,蚜虫,candidate,,train_images/58.Aphis gossypii Glover/005.jpg,250572,1480,1124,JPEG,RGB,f0dc658d9a5eb01fdc486e42d16c977e2fbeff81d46b52eb0df84974ed7bbf32,5e346dc9c4c6874b
train_images/58.Aphis gossypii Glover/006.jpg,train_images,58.Aphis gossypii Glover,9,蚜虫,candidate,,train_images/58.Aphis gossypii Glover/006.jpg,342437,1556,1112,JPEG,RGB,5d74dcf6885e7e52c83ae8124cee2bad6b9542b7683afb11e14ea4cce1d97148,18394a40c1c7d6f0
train_images/58.Aphis gossypii Glover/007.jpg,train_images,58.Aphis gossypii Glover,9,蚜虫,reject,duplicate_or_near_duplicate:val_images/58.Aphis gossypii Glover/001.jpg,val_images/58.Aphis gossypii Glover/001.jpg,1317941,2272,1704,JPEG,RGB,e2e9a65b84568ab54a89e9159b89eaafb3724842e1ccc71f7b5cfb1d5eb39395,046425159804020d
train_images/58.Aphis gossypii Glover/008.jpg,train_images,58.Aphis gossypii Glover,9,蚜虫,candidate,,train_images/58.Aphis gossypii Glover/008.jpg,3061713,3872,2592,JPEG,RGB,ee526f4a1eeefa9644c0f578723977157b883e0835f4a5110fa4d0cd7ecb084e,1c1db417d64d6c26
train_images/58.Aphis gossypii Glover/009.jpg,train_images,58.Aphis gossypii Glover,9,蚜虫,reject,duplicate_or_near_duplicate:val_images/58.Aphis gossypii Glover/002.jpg,val_images/58.Aphis gossypii Glover/002.jpg,3061977,3872,2592,JPEG,RGB,8e747aef8034c396fbb3c8fc0966a68b0cd1865d4d36449fe32022124066113a,0772333717ccce47
train_images/58.Aphis gossypii Glover/010.jpg,train_images,58.Aphis gossypii Glover,9,蚜虫,candidate,,train_images/58.Aphis gossypii Glover/010.jpg,3313754,3872,2592,JPEG,RGB,b48c283300b8b8509c9687e0fedabad84f4bfdc9b14f224d48713e4bc110e3a8,bcdc9b9e5cd63363
train_images/58.Aphis gossypii Glover/011.jpg,train_images,58.Aphis gossypii Glover,9,蚜虫,candidate,,train_images/58.Aphis gossypii Glover/011.jpg,3956408,3872,2592,JPEG,RGB,dc021f55dd77e49db2d66ea934c7d9e14c2286f63b9982ee732ca2b6c24049fb,2dcd543634191905
train_images/58.Aphis gossypii Glover/012.jpg,train_images,58.Aphis gossypii Glover,9,蚜虫,candidate,,train_images/58.Aphis gossypii Glover/012.jpg,18532087,7360,4912,MPO,RGB,4dc5b397239dff10ca0cfde9457aa61dea4b4635d877d6268d29fccf4f1bce04,c6cacbc2929e8ec8
train_images/58.Aphis gossypii Glover/013.jpg,train_images,58.Aphis gossypii Glover,9,蚜虫,candidate,,train_images/58.Aphis gossypii Glover/013.jpg,18848587,7360,4912,MPO,RGB,4a2be1b94d0d437921d7bd045b90aa2a2a217308509aae1cf5e2060d36c3467e,d6cec696364ed892
train_images/58.Aphis gossypii Glover/014.jpg,train_images,58.Aphis gossypii Glover,9,蚜虫,candidate,,train_images/58.Aphis gossypii Glover/014.jpg,19758305,7360,4912,MPO,RGB,b0f46760a4d5cc722c2be5f80d4710df5244bb4d0a22ad448e8ec597c2462208,3118dccc86868345
train_images/58.Aphis gossypii Glover/015.jpg,train_images,58.Aphis gossypii Glover,9,蚜虫,candidate,,train_images/58.Aphis gossypii Glover/015.jpg,19674796,7360,4912,MPO,RGB,709f15c4e178c90331d0ed45a7dadb0af8598532f7f788e21787ae4d12552323,06092204c9106284
train_images/58.Aphis gossypii Glover/016.jpg,train_images,58.Aphis gossypii Glover,9,蚜虫,candidate,,train_images/58.Aphis gossypii Glover/016.jpg,19619946,7360,4912,MPO,RGB,232aa48122268fc469c1416965febef5347640fecff037ecf5908ec74f9c9945,03082306c8106285
train_images/58.Aphis gossypii Glover/017.jpg,train_images,58.Aphis gossypii Glover,9,蚜虫,reject,unreadable:OSError:broken data stream when reading image file,,19401292,,,,,,
train_images/58.Aphis gossypii Glover/018.jpg,train_images,58.Aphis gossypii Glover,9,蚜虫,candidate,,train_images/58.Aphis gossypii Glover/018.jpg,19092744,7360,4912,MPO,RGB,13b3932e38751ff712294d28c390bee7ef6807bbcec613eaf6e83fa02171c03d,a4014c8671198fe3
train_images/58.Aphis gossypii Glover/019.jpg,train_images,58.Aphis gossypii Glover,9,蚜虫,reject,unreadable:OSError:broken data stream when reading image file,,19476317,,,,,,
train_images/58.Aphis gossypii Glover/020.jpg,train_images,58.Aphis gossypii Glover,9,蚜虫,candidate,,train_images/58.Aphis gossypii Glover/020.jpg,12640516,7360,4912,MPO,RGB,f24fb22a89104306c665967c4864f74e4dafd2fe32c0ab57e5c30c54b02d5d2e,8b5383b53362cdcd
train_images/58.Aphis gossypii Glover/021.jpg,train_images,58.Aphis gossypii Glover,9,蚜虫,candidate,,train_images/58.Aphis gossypii Glover/021.jpg,12475025,7360,4912,MPO,RGB,e5fe9d315fccd5dbacfd15023e0bdaf37dec82287261767c958c97ac55baebe7,8b1b8fb533329d8d
train_images/58.Aphis gossypii Glover/022.jpg,train_images,58.Aphis gossypii Glover,9,蚜虫,candidate,,train_images/58.Aphis gossypii Glover/022.jpg,12640989,7360,4912,MPO,RGB,f878feedef32e3c62c4ce0af4e9f1722ffcaffe77e39a4110dad52c399b1cc94,7f3f9f9fb77f2f77
train_images/58.Aphis gossypii Glover/023.jpg,train_images,58.Aphis gossypii Glover,9,蚜虫,candidate,,train_images/58.Aphis gossypii Glover/023.jpg,13832813,7360,4912,MPO,RGB,10bd9ccb64b0d2ab126e6536d7422f382854255a28b443257fbd063b6ca91d69,8cdcccfccee0e1f1
train_images/58.Aphis gossypii Glover/024.jpg,train_images,58.Aphis gossypii Glover,9,蚜虫,candidate,,train_images/58.Aphis gossypii Glover/024.jpg,13687461,7360,4912,MPO,RGB,b57db0b42eb06a33cc02bc5bc2d47943247cb949d74570a98210b3f68cd13e9c,713dae259584cc6c
train_images/58.Aphis gossypii Glover/025.jpg,train_images,58.Aphis gossypii Glover,9,蚜虫,candidate,,train_images/58.Aphis gossypii Glover/025.jpg,14567184,7360,4912,MPO,RGB,280c5969d141aa0de1a3bc87e9aa3dbd26463916c95de7d5aacc52b3ac990f32,34349c96870e6632
train_images/58.Aphis gossypii Glover/026.jpg,train_images,58.Aphis gossypii Glover,9,蚜虫,candidate,,train_images/58.Aphis gossypii Glover/026.jpg,14486590,7360,4912,MPO,RGB,bc7ba4ed4a49f35b5dbe120ec2cc484f77ff1d27b4bb376732a0d42468c6b6d3,6070694c5c6c2c0c
train_images/58.Aphis gossypii Glover/027.jpg,train_images,58.Aphis gossypii Glover,9,蚜虫,candidate,,train_images/58.Aphis gossypii Glover/027.jpg,14235794,7360,4912,MPO,RGB,83b1b2be89158fcba8df498f5f844befeb09fbf9e5eafedd2314dca69f678769,8180cc4dd96d0f0d
train_images/58.Aphis gossypii Glover/028.jpg,train_images,58.Aphis gossypii Glover,9,蚜虫,reject,unreadable:OSError:broken data stream when reading image file,,14709975,,,,,,
train_images/58.Aphis gossypii Glover/029.jpg,train_images,58.Aphis gossypii Glover,9,蚜虫,candidate,,train_images/58.Aphis gossypii Glover/029.jpg,14417302,7360,4912,MPO,RGB,af87c347ed7a8234cc052ef8f60b35dec2ae9109e551450491bd03743fc0558b,73d99586b54347e5
train_images/58.Aphis gossypii Glover/030.jpg,train_images,58.Aphis gossypii Glover,9,蚜虫,candidate,,train_images/58.Aphis gossypii Glover/030.jpg,15178889,7360,4912,MPO,RGB,d631d48126b28034a3b4bfbd7f618f326a74a2430452371a98ac1c5e01ebaca7,f2f3f3f3e766fbfe
train_images/58.Aphis gossypii Glover/031.jpg,train_images,58.Aphis gossypii Glover,9,蚜虫,candidate,,train_images/58.Aphis gossypii Glover/031.jpg,14709137,7360,4912,MPO,RGB,23e8ded3d1bac6e6de87cdc884b5bf5119a4e6957ee2b5058125da8e1d0800f5,93db523267241818
train_images/58.Aphis gossypii Glover/032.jpg,train_images,58.Aphis gossypii Glover,9,蚜虫,candidate,,train_images/58.Aphis gossypii Glover/032.jpg,15179312,7360,4912,MPO,RGB,01be0c1113cdde8dcba94d20c74ecddbf5c8bc7880fccace7f8fcf25a3a6caa0,93db533266241c58
train_images/58.Aphis gossypii Glover/033.jpg,train_images,58.Aphis gossypii Glover,9,蚜虫,candidate,,train_images/58.Aphis gossypii Glover/033.jpg,14345374,7360,4912,MPO,RGB,54e2fd391e70d529c62e936b57d61eed4883f1d187848dc75dc94d64d974b0fb,e06060c0c930f000
train_images/58.Aphis gossypii Glover/034.jpg,train_images,58.Aphis gossypii Glover,9,蚜虫,candidate,,train_images/58.Aphis gossypii Glover/034.jpg,13724611,7360,4912,MPO,RGB,c7cda555016f9582dfef9ef4cdf71ecf61573afc9c9a4139f2c027e65868708b,c7e75313f4ed078f
train_images/58.Aphis gossypii Glover/035.jpg,train_images,58.Aphis gossypii Glover,9,蚜虫,candidate,,train_images/58.Aphis gossypii Glover/035.jpg,13602869,7360,4912,MPO,RGB,482f225c3b4ba2eab5ae2412ca41ed446ea2919e9b11c69c1ad14f4628785243,8f8fd717b6ec0e1e
train_images/58.Aphis gossypii Glover/036.jpg,train_images,58.Aphis gossypii Glover,9,蚜虫,candidate,,train_images/58.Aphis gossypii Glover/036.jpg,13703334,7360,4912,MPO,RGB,8ae52ca44eb5c8b5e160b60adf68c94b5de6e54d1de0269fe348bfd86772102b,03131320cf70d0d8
train_images/58.Aphis gossypii Glover/037.jpg,train_images,58.Aphis gossypii Glover,9,蚜虫,candidate,,train_images/58.Aphis gossypii Glover/037.jpg,13293665,7360,4912,MPO,RGB,da5cc002df00005692bb260e3c54c79500f1756d6336bcf87cebd994f9a7b530,0a1b1320cfc2e0b0
train_images/58.Aphis gossypii Glover/038.jpg,train_images,58.Aphis gossypii Glover,9,蚜虫,candidate,,train_images/58.Aphis gossypii Glover/038.jpg,13739434,7360,4912,MPO,RGB,1f6ae04630c56ae83b9ee8382e11227817af6ff98adcb5dce03f93234483cf6d,0b531313c0723716
train_images/58.Aphis gossypii Glover/039.jpg,train_images,58.Aphis gossypii Glover,9,蚜虫,candidate,,train_images/58.Aphis gossypii Glover/039.jpg,13781466,7360,4912,MPO,RGB,f5e29fb295a45e9de2593badd5c90e3f62e4476580cfb7690c30bf9972ffba4b,0f531313e0763736
train_images/58.Aphis gossypii Glover/040.jpg,train_images,58.Aphis gossypii Glover,9,蚜虫,candidate,,train_images/58.Aphis gossypii Glover/040.jpg,13886002,7360,4912,MPO,RGB,da36e11e0e90178909a4449d57230256e3c9241b009f2faf8e11bd7871710fc9,60c1870f311ecfe8
train_images/58.Aphis gossypii Glover/041.jpg,train_images,58.Aphis gossypii Glover,9,蚜虫,candidate,,train_images/58.Aphis gossypii Glover/041.jpg,13294251,7360,4912,MPO,RGB,01ec43463541093dcec8a61c959e03693f8d1577504e51a299b1ea9d14aa8f52,071e2f43399ce0f0
train_images/58.Aphis gossypii Glover/042.jpg,train_images,58.Aphis gossypii Glover,9,蚜虫,candidate,,train_images/58.Aphis gossypii Glover/042.jpg,13688654,7360,4912,MPO,RGB,60151ff671c3ff412e8d602fec3dd401b48420f9c7ac211210598ac25ff764a9,871e2f631a84e1e1
train_images/58.Aphis gossypii Glover/043.jpg,train_images,58.Aphis gossypii Glover,9,蚜虫,reject,unreadable:OSError:broken data stream when reading image file,,14078216,,,,,,
train_images/58.Aphis gossypii Glover/044.jpg,train_images,58.Aphis gossypii Glover,9,蚜虫,candidate,,train_images/58.Aphis gossypii Glover/044.jpg,13784448,7360,4912,MPO,RGB,02d2536b903d2a0e522cde32c227acb2b0218dbcdac770bdf9792f57f5032e1b,0d0d1913170b0101
train_images/58.Aphis gossypii Glover/045.jpg,train_images,58.Aphis gossypii Glover,9,蚜虫,reject,duplicate_or_near_duplicate:test_images/58.Aphis gossypii Glover/008.jpg,test_images/58.Aphis gossypii Glover/008.jpg,13545324,7360,4912,MPO,RGB,2dcc81e6742973f01772c6a76271c08351d6bcabb40ad01aa2900086704a6e22,80808130d0138081
train_images/58.Aphis gossypii Glover/046.jpg,train_images,58.Aphis gossypii Glover,9,蚜虫,candidate,,train_images/58.Aphis gossypii Glover/046.jpg,12679570,7360,4912,MPO,RGB,c043fbbb0ea1f9d265ea83d0c6a992876bc5c7590994f6db56d9f7f0dbba4782,000120e091230003
train_images/58.Aphis gossypii Glover/047.jpg,train_images,58.Aphis gossypii Glover,9,蚜虫,candidate,,train_images/58.Aphis gossypii Glover/047.jpg,12939048,7360,4912,MPO,RGB,2dc5c4f1a62f8b8778e0ea06f76e27b8cc1640e9e11c33a1d30cc19d2ea5d1a9,4060401c3006c860
train_images/58.Aphis gossypii Glover/048.jpg,train_images,58.Aphis gossypii Glover,9,蚜虫,candidate,,train_images/58.Aphis gossypii Glover/048.jpg,12984631,7360,4912,MPO,RGB,a6230e91feed333ed5549c20e47eba6ac32c35c3b21d75a098be15c36e53294b,4060449c348ce022
train_images/58.Aphis gossypii Glover/049.jpg,train_images,58.Aphis gossypii Glover,9,蚜虫,reject,duplicate_or_near_duplicate:train_images/58.Aphis gossypii Glover/051.jpg,train_images/58.Aphis gossypii Glover/051.jpg,12721468,7360,4912,MPO,RGB,57f63f826339cd8e6493426bbab3378dcabe81bbe16db3efb71dda2b4e2e0f10,000160e0b3670023
train_images/58.Aphis gossypii Glover/050.jpg,train_images,58.Aphis gossypii Glover,9,蚜虫,reject,duplicate_or_near_duplicate:train_images/58.Aphis gossypii Glover/051.jpg,train_images/58.Aphis gossypii Glover/051.jpg,12702490,7360,4912,MPO,RGB,94b1c8cce08d8c5b28c1144507df99b9225330afaa4eff62be25053900cbfd37,000160e4b1670003
train_images/58.Aphis gossypii Glover/051.jpg,train_images,58.Aphis gossypii Glover,9,蚜虫,candidate,,train_images/58.Aphis gossypii Glover/051.jpg,12730466,7360,4912,MPO,RGB,8d8451988d011a20e11553061ec640ffa75de4fe0904d145f614b1e5d7805a6e,000160e4b1630013
train_images/58.Aphis gossypii Glover/052.jpg,train_images,58.Aphis gossypii Glover,9,蚜虫,reject,duplicate_or_near_duplicate:train_images/58.Aphis gossypii Glover/053.jpg,train_images/58.Aphis gossypii Glover/053.jpg,12942476,7360,4912,MPO,RGB,3d4da21d45925c02fc2650e3860dd48e163551b81aee14e64a130b63b38eed60,60409c3124c86008
train_images/58.Aphis gossypii Glover/053.jpg,train_images,58.Aphis gossypii Glover,9,蚜虫,candidate,,train_images/58.Aphis gossypii Glover/053.jpg,13183482,7360,4912,MPO,RGB,8565d7355e934aa9763a7825c7a2d99a19e9a92cea9beb82cfd4cde5ad7c403e,60409c3124c8600a
train_images/58.Aphis gossypii Glover/054.jpg,train_images,58.Aphis gossypii Glover,9,蚜虫,reject,unreadable:OSError:broken data stream when reading image file,,14669500,,,,,,
train_images/58.Aphis gossypii Glover/055.jpg,train_images,58.Aphis gossypii Glover,9,蚜虫,candidate,,train_images/58.Aphis gossypii Glover/055.jpg,14618606,7360,4912,MPO,RGB,ee33580636c093d015336de0d50c37bdced1ac3af5cce06cb3c9ce91762760bf,9f766cd4d0e8fab2
train_images/58.Aphis gossypii Glover/056.jpg,train_images,58.Aphis gossypii Glover,9,蚜虫,reject,unreadable:OSError:broken data stream when reading image file,,13922199,,,,,,
train_images/58.Aphis gossypii Glover/057.jpg,train_images,58.Aphis gossypii Glover,9,蚜虫,reject,duplicate_or_near_duplicate:train_images/58.Aphis gossypii Glover/058.jpg,train_images/58.Aphis gossypii Glover/058.jpg,13906976,7360,4912,MPO,RGB,5e2782a15d1e80041e46e7ab67f22eea8be601d89d765a3ce3fe909090a7bbf0,c080c935e3f8eee1
train_images/58.Aphis gossypii Glover/058.jpg,train_images,58.Aphis gossypii Glover,9,蚜虫,candidate,,train_images/58.Aphis gossypii Glover/058.jpg,14010748,7360,4912,MPO,RGB,e2e977cadb422157744d4e49b710078da6e89b55a6639091c4563b261dcedd61,c080c937e1f8e6e1
train_images/58.Aphis gossypii Glover/059.jpg,train_images,58.Aphis gossypii Glover,9,蚜虫,reject,unreadable:OSError:broken data stream when reading image file,,13802221,,,,,,
train_images/58.Aphis gossypii Glover/060.jpg,train_images,58.Aphis gossypii Glover,9,蚜虫,candidate,,train_images/58.Aphis gossypii Glover/060.jpg,13600420,7360,4912,MPO,RGB,b5cb9245e955365f4757feafc54228a1b3dc90757f31247a9d4e4c946ae17de4,c4ecdc8ef2998703
train_images/58.Aphis gossypii Glover/061.jpg,train_images,58.Aphis gossypii Glover,9,蚜虫,candidate,,train_images/58.Aphis gossypii Glover/061.jpg,13566431,7360,4912,MPO,RGB,312712cf540b8efd5b091936c55cd5bc54b4ad934a293b946fb28e0fece21474,c4e4de86f39d8501
train_images/58.Aphis gossypii Glover/062.jpg,train_images,58.Aphis gossypii Glover,9,蚜虫,candidate,,train_images/58.Aphis gossypii Glover/062.jpg,13600960,7360,4912,MPO,RGB,bc671e5deba9b3b5c4f291142d027668471224e527ffdcdcdad676b7fc0eb3d9,c4a45ec6f3dc8501
train_images/58.Aphis gossypii Glover/063.jpg,train_images,58.Aphis gossypii Glover,9,蚜虫,candidate,,train_images/58.Aphis gossypii Glover/063.jpg,14081382,7360,4912,MPO,RGB,0b3c0dc989eeeb09d5b11aa77bf13a59fcd8d58a0f0d9707c9bf51a2446e4147,c0c00cc9f88ff1a0
train_images/58.Aphis gossypii Glover/064.jpg,train_images,58.Aphis gossypii Glover,9,蚜虫,candidate,,train_images/58.Aphis gossypii Glover/064.jpg,14173614,7360,4912,MPO,RGB,0cee739f80834ddece98a1f7d2e4b87afd72ce433a88eb21d05937e5c5b08137,c080c015b3f0bee3
train_images/58.Aphis gossypii Glover/065.jpg,train_images,58.Aphis gossypii Glover,9,蚜虫,reject,duplicate_or_near_duplicate:train_images/58.Aphis gossypii Glover/063.jpg,train_images/58.Aphis gossypii Glover/063.jpg,14047143,7360,4912,MPO,RGB,9681e3a40c9fa6f2c61a01e26777536cc686a2a7f0b118ca3d45908b46659d1d,c0800cc9f88ff1b0
train_images/58.Aphis gossypii Glover/066.jpg,train_images,58.Aphis gossypii Glover,9,蚜虫,candidate,,train_images/58.Aphis gossypii Glover/066.jpg,13915805,7360,4912,MPO,RGB,d1c56257b0c57a0b73c0ab2ab4c45f16b1fff54b5fbc9c6a36ff9d3b9b59af94,e0c2d227e3f8eec3
train_images/58.Aphis gossypii Glover/067.jpg,train_images,58.Aphis gossypii Glover,9,蚜虫,reject,unreadable:OSError:broken data stream when reading image file,,14111299,,,,,,
train_images/58.Aphis gossypii Glover/068.jpg,train_images,58.Aphis gossypii Glover,9,蚜虫,reject,unreadable:OSError:broken data stream when reading image file,,14283327,,,,,,
train_images/58.Aphis gossypii Glover/069.jpg,train_images,58.Aphis gossypii Glover,9,蚜虫,candidate,,train_images/58.Aphis gossypii Glover/069.jpg,1361819,2272,1704,JPEG,RGB,a4c98f11aa81af529e2cd51eca0e99a928fe697800dd00caf2471a022770c797,0f4e7979d3c5b0b2
train_images/58.Aphis gossypii Glover/070.jpg,train_images,58.Aphis gossypii Glover,9,蚜虫,candidate,,train_images/58.Aphis gossypii Glover/070.jpg,1325310,2272,1704,JPEG,RGB,66e7ad0a0d6d3343bf2dd9456be9382f0901013215c534c5dc90305363cfba4a,9bb727c0c9cd4c26
train_images/58.Aphis gossypii Glover/071.jpg,train_images,58.Aphis gossypii Glover,9,蚜虫,candidate,,train_images/58.Aphis gossypii Glover/071.jpg,1329422,2272,1704,JPEG,RGB,a1288c2ddf4e7a52d5dc5e0dd2aba07be1603f3f2defeec9466f38ebf11126eb,97276fc0c9494c26
train_images/58.Aphis gossypii Glover/072.jpg,train_images,58.Aphis gossypii Glover,9,蚜虫,candidate,,train_images/58.Aphis gossypii Glover/072.jpg,1296933,2272,1704,JPEG,RGB,fc88d82a41d016e4e8f6f1b29abfe13e974a5fb819e3d484bee94929691657e9,9098d3e3f2dc0406
train_images/58.Aphis gossypii Glover/073.jpg,train_images,58.Aphis gossypii Glover,9,蚜虫,reject,duplicate_or_near_duplicate:val_images/58.Aphis gossypii Glover/000.jpg,val_images/58.Aphis gossypii Glover/000.jpg,1193633,2272,1704,JPEG,RGB,8268171b17ec6e08642a309a6efc70264eff84dad6fb34868c2a4acb2d1931e8,1b132d1d8c385ad7
train_images/58.Aphis gossypii Glover/074.jpg,train_images,58.Aphis gossypii Glover,9,蚜虫,candidate,,train_images/58.Aphis gossypii Glover/074.jpg,1237384,2272,1704,JPEG,RGB,7594124a6e2c8a0d7abbd732cc5b4ee9a63563d6e1db23c4ce25d90b215fdbac,4b92332161432606
train_images/58.Aphis gossypii Glover/075.jpg,train_images,58.Aphis gossypii Glover,9,蚜虫,candidate,,train_images/58.Aphis gossypii Glover/075.jpg,437187,2272,1704,JPEG,RGB,777dbaea53397e1c84f9802ec6ecb78e338495ebc2afd040eac0c895aca3473e,cfaee7f36b64251b
train_images/58.Aphis gossypii Glover/076.jpg,train_images,58.Aphis gossypii Glover,9,蚜虫,candidate,,train_images/58.Aphis gossypii Glover/076.jpg,221531,1089,739,JPEG,RGB,51c5251c66f56f69ade9a0c775904769a9c855defc6ec865460c5d30afdee22d,377659b3b2f3a168
train_images/58.Aphis gossypii Glover/077.jpg,train_images,58.Aphis gossypii Glover,9,蚜虫,candidate,,train_images/58.Aphis gossypii Glover/077.jpg,2402486,3872,2592,JPEG,RGB,7b99b743e222f8a2d90c65de3ba09dca14029d9eeba83de71227b6e979ac1b6d,620b0b5f0b23364d
train_images/58.Aphis gossypii Glover/078.jpg,train_images,58.Aphis gossypii Glover,9,蚜虫,candidate,,train_images/58.Aphis gossypii Glover/078.jpg,20383033,7360,4912,MPO,RGB,ce7c1876f38acb2daa887f4b3ff9270a1b9e93dfcbad91808a5fb3b534075acb,3e3e3e5c0cb6b276
train_images/58.Aphis gossypii Glover/079.jpg,train_images,58.Aphis gossypii Glover,9,蚜虫,reject,unreadable:OSError:broken data stream when reading image file,,19884156,,,,,,
train_images/58.Aphis gossypii Glover/080.jpg,train_images,58.Aphis gossypii Glover,9,蚜虫,candidate,,train_images/58.Aphis gossypii Glover/080.jpg,19777639,7360,4912,MPO,RGB,2a029e0604459020c1fec8866a4933bba74a1e4814cc408acc17db1d1a2b9152,85c66fe5e061e8e8
train_images/58.Aphis gossypii Glover/081.jpg,train_images,58.Aphis gossypii Glover,9,蚜虫,candidate,,train_images/58.Aphis gossypii Glover/081.jpg,20508399,7360,4912,MPO,RGB,3dc25d53f148dc3578462874326ba7572ae64f672c525b7fee03232b927b0a89,030313130b6a0c22
train_images/58.Aphis gossypii Glover/082.jpg,train_images,58.Aphis gossypii Glover,9,蚜虫,candidate,,train_images/58.Aphis gossypii Glover/082.jpg,20441723,7360,4912,MPO,RGB,3b543f800cbf6eb1950e936ba08a7771e2fa3a39093e0e85c37ed5cd26e4e485,070303134b6a0c64
train_images/58.Aphis gossypii Glover/083.jpg,train_images,58.Aphis gossypii Glover,9,蚜虫,candidate,,train_images/58.Aphis gossypii Glover/083.jpg,20057093,7360,4912,MPO,RGB,8ae8491b909fce88a7474cdc92e23215de50cbd6368f9f35daa0a231371a064b,30322b8bdbdaa13e
train_images/58.Aphis gossypii Glover/084.jpg,train_images,58.Aphis gossypii Glover,9,蚜虫,candidate,,train_images/58.Aphis gossypii Glover/084.jpg,20006204,7360,4912,MPO,RGB,8b59150ce0b216a86e145e0365f45aacb15eb492f76aace9c6efd067d5aa273c,30360b8bdbdaa93a
train_images/58.Aphis gossypii Glover/085.jpg,train_images,58.Aphis gossypii Glover,9,蚜虫,candidate,,train_images/58.Aphis gossypii Glover/085.jpg,19972303,7360,4912,MPO,RGB,e0a120dca1bdcecc131ad926c8963d4f8235fc181600a731fff514e156c10f53,c6861cdec7e3d3c6
train_images/58.Aphis gossypii Glover/086.jpg,train_images,58.Aphis gossypii Glover,9,蚜虫,reject,unreadable:OSError:broken data stream when reading image file,,20069752,,,,,,
train_images/58.Aphis gossypii Glover/087.jpg,train_images,58.Aphis gossypii Glover,9,蚜虫,candidate,,train_images/58.Aphis gossypii Glover/087.jpg,20679202,7360,4912,MPO,RGB,a1e07b0623f5fb5b41b206cc01c53c81870855d4187c58fa71b3ec92e489a7f2,e0c2c24b4d63c2f6
train_images/58.Aphis gossypii Glover/088.jpg,train_images,58.Aphis gossypii Glover,9,蚜虫,candidate,,train_images/58.Aphis gossypii Glover/088.jpg,20295538,7360,4912,MPO,RGB,d0cc2be04af34a91e40313844ef1ef015e18c40f6c1acef643dc6bb90cfef538,f0f0f0484c36d2b6
train_images/58.Aphis gossypii Glover/089.jpg,train_images,58.Aphis gossypii Glover,9,蚜虫,candidate,,train_images/58.Aphis gossypii Glover/089.jpg,20681467,7360,4912,MPO,RGB,ddf8c0fffbce81b44fcd8d2e4b138e4b481bb27eb440a7fba12ec401eacee8c3,7e1f4fceb7a3cf6d
train_images/58.Aphis gossypii Glover/090.jpg,train_images,58.Aphis gossypii Glover,9,蚜虫,reject,unreadable:OSError:broken data stream when reading image file,,20228704,,,,,,
train_images/58.Aphis gossypii Glover/091.jpg,train_images,58.Aphis gossypii Glover,9,蚜虫,candidate,,train_images/58.Aphis gossypii Glover/091.jpg,20191851,7360,4912,MPO,RGB,42385a3a542134101da39348ab7850480f6749307a66d4f9cbcf9ee20605545b,038727cbdf67323a
train_images/58.Aphis gossypii Glover/092.jpg,train_images,58.Aphis gossypii Glover,9,蚜虫,candidate,,train_images/58.Aphis gossypii Glover/092.jpg,20302837,7360,4912,MPO,RGB,bbd27ba39a329aa92b12266fcca60ffb637ab8820a25d76457512103f60b0531,488c0c0d1d1d1b1c
train_images/58.Aphis gossypii Glover/093.jpg,train_images,58.Aphis gossypii Glover,9,蚜虫,candidate,,train_images/58.Aphis gossypii Glover/093.jpg,20186768,7360,4912,MPO,RGB,ebde0ef45f67e4b08a04e9972b3112f61cc0182f47f3de4ac4ec405e82bb7f24,d899db991a36769a
train_images/58.Aphis gossypii Glover/094.jpg,train_images,58.Aphis gossypii Glover,9,蚜虫,candidate,,train_images/58.Aphis gossypii Glover/094.jpg,20621446,7360,4912,MPO,RGB,99eeb41288f2ed64c22f951dab0e061117b2413748a5fe2ba2500a2731413ae5,6dcdcccccc1c1a9c
train_images/58.Aphis gossypii Glover/095.jpg,train_images,58.Aphis gossypii Glover,9,蚜虫,candidate,,train_images/58.Aphis gossypii Glover/095.jpg,20208287,7360,4912,MPO,RGB,5bdee1291a44870e726b21924ff6e32055aa93f796c44695f87f42fa72950421,5e0e2e661e0323e7
train_images/58.Aphis gossypii Glover/096.jpg,train_images,58.Aphis gossypii Glover,9,蚜虫,candidate,,train_images/58.Aphis gossypii Glover/096.jpg,46863,864,672,JPEG,RGB,8feecc27db2fecd1956612358907f3454911dafe3bf6bdedf79d5f29de82ed1f,d4d2f23238b8f5ae
train_images/58.Aphis gossypii Glover/097.jpg,train_images,58.Aphis gossypii Glover,9,蚜虫,candidate,,train_images/58.Aphis gossypii Glover/097.jpg,20518685,7360,4912,MPO,RGB,f790ac63477e78ed65b29b26600242323ff25b5677b0bdc4eedc038fe300792e,4e51140c24b08c0c
train_images/58.Aphis gossypii Glover/098.jpg,train_images,58.Aphis gossypii Glover,9,蚜虫,candidate,,train_images/58.Aphis gossypii Glover/098.jpg,18246056,7360,4912,MPO,RGB,a472ab15d5dc346d9f975ea86be544be0e95d0d93b394fbfdc1e986bdef927d8,cc5c392b2f2e9bae
train_images/58.Aphis gossypii Glover/099.jpg,train_images,58.Aphis gossypii Glover,9,蚜虫,reject,unreadable:OSError:broken data stream when reading image file,,19036299,,,,,,
train_images/58.Aphis gossypii Glover/100.jpg,train_images,58.Aphis gossypii Glover,9,蚜虫,candidate,,train_images/58.Aphis gossypii Glover/100.jpg,19256521,7360,4912,MPO,RGB,0c1e1e18e85531c5052e71d7c1a3bd4f24c99b912d79ec1eee29c64c118e6e3f,f8e3c3d9c3c34c6e
train_images/58.Aphis gossypii Glover/101.jpg,train_images,58.Aphis gossypii Glover,9,蚜虫,candidate,,train_images/58.Aphis gossypii Glover/101.jpg,19370350,7360,4912,MPO,RGB,6e39df99e2840a29d868135e58bd3020c91a0154a1c13d11c9529b0e65ac0591,f8e0c3dbc3c5cc6e
train_images/58.Aphis gossypii Glover/102.jpg,train_images,58.Aphis gossypii Glover,9,蚜虫,candidate,,train_images/58.Aphis gossypii Glover/102.jpg,18837527,7360,4912,MPO,RGB,f56fd25b03bc8b2ce3a0c5dd7185ada0d7d9e25d3e2ac48152fed77044a37b5b,9b1b1214b4928f87
train_images/58.Aphis gossypii Glover/103.jpg,train_images,58.Aphis gossypii Glover,9,蚜虫,candidate,,train_images/58.Aphis gossypii Glover/103.jpg,20496937,7360,4912,MPO,RGB,a5ca253ce78db1a6bca824052d7389956c5eef06b659935e0f351cc41cd78b99,5d596b9a932b3436
train_images/58.Aphis gossypii Glover/104.jpg,train_images,58.Aphis gossypii Glover,9,蚜虫,reject,unreadable:OSError:broken data stream when reading image file,,20266832,,,,,,
train_images/58.Aphis gossypii Glover/105.jpg,train_images,58.Aphis gossypii Glover,9,蚜虫,reject,unreadable:OSError:broken data stream when reading image file,,21352063,,,,,,
train_images/58.Aphis gossypii Glover/106.jpg,train_images,58.Aphis gossypii Glover,9,蚜虫,reject,unreadable:OSError:broken data stream when reading image file,,20540223,,,,,,
train_images/58.Aphis gossypii Glover/107.jpg,train_images,58.Aphis gossypii Glover,9,蚜虫,candidate,,train_images/58.Aphis gossypii Glover/107.jpg,20378319,7360,4912,MPO,RGB,7836e39dbae8f7cff790873c1061d70c8c888ba3b942e14748f5e54b36b38d6a,5d98b2de9e1e4353
train_images/58.Aphis gossypii Glover/108.jpg,train_images,58.Aphis gossypii Glover,9,蚜虫,candidate,,train_images/58.Aphis gossypii Glover/108.jpg,20836748,7360,4912,MPO,RGB,c37c10774f418528156d380f2c6da95c1c66194b621a5020d35fc71a48db3554,ac9c9c2ce3180000
train_images/58.Aphis gossypii Glover/109.jpg,train_images,58.Aphis gossypii Glover,9,蚜虫,reject,unreadable:OSError:broken data stream when reading image file,,20174259,,,,,,
train_images/58.Aphis gossypii Glover/110.jpg,train_images,58.Aphis gossypii Glover,9,蚜虫,reject,unreadable:OSError:broken data stream when reading image file,,20522888,,,,,,
train_images/58.Aphis gossypii Glover/111.jpg,train_images,58.Aphis gossypii Glover,9,蚜虫,candidate,,train_images/58.Aphis gossypii Glover/111.jpg,19909900,7360,4912,MPO,RGB,53b9ffe0f18433839dba0b4d658231100a9d36dc547900c9ec81fe863865195c,191f1ece9c9c1044
train_images/58.Aphis gossypii Glover/112.jpg,train_images,58.Aphis gossypii Glover,9,蚜虫,candidate,,train_images/58.Aphis gossypii Glover/112.jpg,20225687,7360,4912,MPO,RGB,beb6a8adfd1302d580bd2884c5a3fb10c3c2a98ccc6ed367d5d5d48157e0b6e9,1c3c1c4c501c2861
train_images/58.Aphis gossypii Glover/113.jpg,train_images,58.Aphis gossypii Glover,9,蚜虫,reject,unreadable:OSError:broken data stream when reading image file,,19663469,,,,,,
train_images/58.Aphis gossypii Glover/114.jpg,train_images,58.Aphis gossypii Glover,9,蚜虫,reject,unreadable:OSError:broken data stream when reading image file,,19733582,,,,,,
train_images/58.Aphis gossypii Glover/115.jpg,train_images,58.Aphis gossypii Glover,9,蚜虫,candidate,,train_images/58.Aphis gossypii Glover/115.jpg,20018976,7360,4912,MPO,RGB,3ac702fa2b4eaddd41600fb8281202b60963a3865c97a0b2dd20443657e8978c,d1a5ab4a46938cae
train_images/58.Aphis gossypii Glover/116.jpg,train_images,58.Aphis gossypii Glover,9,蚜虫,candidate,,train_images/58.Aphis gossypii Glover/116.jpg,103677,864,608,JPEG,RGB,4173e51272b9dbb5598336b8f8afffc3f90ecf7880f0494607cdb14f30f740ce,10e014d2b2696c0e
train_images/58.Aphis gossypii Glover/117.jpg,train_images,58.Aphis gossypii Glover,9,蚜虫,candidate,,train_images/58.Aphis gossypii Glover/117.jpg,151570,1440,896,JPEG,RGB,de773d694c63b2bbc505965e75dc1580ef67f2370dcb29764bc7d67efdf2c964,fe4a6b23224bc84a
train_images/58.Aphis gossypii Glover/118.jpg,train_images,58.Aphis gossypii Glover,9,蚜虫,reject,unreadable:OSError:broken data stream when reading image file,,22130642,,,,,,
train_images/58.Aphis gossypii Glover/119.jpg,train_images,58.Aphis gossypii Glover,9,蚜虫,candidate,,train_images/58.Aphis gossypii Glover/119.jpg,20742378,7360,4912,MPO,RGB,bb12417857e08ea0a94cea742408a132103e1721bee7ef05fc6f0cfc3bb04c3a,9c9cac4421954da4
train_images/58.Aphis gossypii Glover/120.jpg,train_images,58.Aphis gossypii Glover,9,蚜虫,candidate,,train_images/58.Aphis gossypii Glover/120.jpg,20074953,7360,4912,MPO,RGB,6e6157737fa61f684e9b62dd21ede3f50b5eeb8e4cf92d00d0d6b6950d2178fd,5c94e475b1c96da7
train_images/58.Aphis gossypii Glover/121.jpg,train_images,58.Aphis gossypii Glover,9,蚜虫,candidate,,train_images/58.Aphis gossypii Glover/121.jpg,20586863,7360,4912,MPO,RGB,b573e330fe4dc79fc89d35f19309ac268e8475918751860930e3bce72df86ae4,97cb5d6d2f3f9bdb
train_images/58.Aphis gossypii Glover/122.jpg,train_images,58.Aphis gossypii Glover,9,蚜虫,candidate,,train_images/58.Aphis gossypii Glover/122.jpg,20480894,7360,4912,MPO,RGB,824585e5fc0d7cc27c0bdde46f1ebefee50e9240d6a73a76fe35cda8cabea37e,c9c923b5121a1a3a
train_images/58.Aphis gossypii Glover/123.jpg,train_images,58.Aphis gossypii Glover,9,蚜虫,candidate,,train_images/58.Aphis gossypii Glover/123.jpg,20703230,7360,4912,MPO,RGB,fd6a8965ab62d3e86e3487624ca354fa7d509815a3a0ac6913aef1c5996dd898,c4652d949a0a1e3a
train_images/58.Aphis gossypii Glover/124.jpg,train_images,58.Aphis gossypii Glover,9,蚜虫,candidate,,train_images/58.Aphis gossypii Glover/124.jpg,21840516,7360,4912,MPO,RGB,5de4212c126fbc1a99576fdc11f350494f3bd08f631cf2283442415b03b31adc,36761ef17f8e9c1d
train_images/58.Aphis gossypii Glover/125.jpg,train_images,58.Aphis gossypii Glover,9,蚜虫,candidate,,train_images/58.Aphis gossypii Glover/125.jpg,372091,2272,1704,JPEG,RGB,592bb6dc6bc9d9663ecab4a2ba1776a6bd9ff43448cf74223dcdf0767e5a87ab,8121237279f95913
train_images/58.Aphis gossypii Glover/126.jpg,train_images,58.Aphis gossypii Glover,9,蚜虫,candidate,,train_images/58.Aphis gossypii Glover/126.jpg,473371,2272,1704,JPEG,RGB,5153512accdb30ad36da72f154e7370a0f2f7edf0c689a5377bb814b26656582,8d3467e1c0636362
train_images/58.Aphis gossypii Glover/127.jpg,train_images,58.Aphis gossypii Glover,9,蚜虫,candidate,,train_images/58.Aphis gossypii Glover/127.jpg,6369092,5616,3744,JPEG,RGB,b8667d9f1715b421dda269d70418ff058b7a001a06c30724972419bc420debcb,733187e6eb7f1b4f
train_images/58.Aphis gossypii Glover/128.jpg,train_images,58.Aphis gossypii Glover,9,蚜虫,candidate,,train_images/58.Aphis gossypii Glover/128.jpg,6300196,5616,3744,JPEG,RGB,b14e77611538ae55981a40c115f850ab5482ade945c39efdf1f9ff734303ea92,8005f6d338be1e07
train_images/58.Aphis gossypii Glover/129.jpg,train_images,58.Aphis gossypii Glover,9,蚜虫,reject,unreadable:OSError:broken data stream when reading image file,,5589046,,,,,,
train_images/58.Aphis gossypii Glover/130.jpg,train_images,58.Aphis gossypii Glover,9,蚜虫,candidate,,train_images/58.Aphis gossypii Glover/130.jpg,5614197,4368,2912,JPEG,RGB,073e4d3629fcbc812566962851eba6cd2458186e99ff6e28868284f471ddf643,9f0c07c129a1132b
train_images/58.Aphis gossypii Glover/131.jpg,train_images,58.Aphis gossypii Glover,9,蚜虫,reject,unreadable:OSError:broken data stream when reading image file,,5771477,,,,,,
train_images/58.Aphis gossypii Glover/132.jpg,train_images,58.Aphis gossypii Glover,9,蚜虫,candidate,,train_images/58.Aphis gossypii Glover/132.jpg,160969,968,648,JPEG,RGB,569bdc66bda599d153280fbc4d5ba1a0a2ab6e1c0044c924aba413766074e483,1e70e28121b023c6
train_images/58.Aphis gossypii Glover/133.jpg,train_images,58.Aphis gossypii Glover,9,蚜虫,candidate,,train_images/58.Aphis gossypii Glover/133.jpg,158336,968,648,JPEG,RGB,57bfe2d2badf3cb53015b0127852cab6694795ce70a77eb1124f5a0e8ab2bbf3,ba82236fdad0f066
train_images/58.Aphis gossypii Glover/134.jpg,train_images,58.Aphis gossypii Glover,9,蚜虫,candidate,,train_images/58.Aphis gossypii Glover/134.jpg,162458,989,681,JPEG,RGB,32d5bb9eb0af71e7e393baf46bafab8d53ad64c6ae3b628831a42758ae1871e6,230b94e1a8a9a2a2
train_images/58.Aphis gossypii Glover/135.jpg,train_images,58.Aphis gossypii Glover,9,蚜虫,candidate,,train_images/58.Aphis gossypii Glover/135.jpg,2321556,3872,2592,JPEG,RGB,6b55e01dec529adcc7646fce67a794a43ebaaebff4ff9deddc0a1bc0f3ef0764,3c1d2d930b46c6c5
train_images/58.Aphis gossypii Glover/136.jpg,train_images,58.Aphis gossypii Glover,9,蚜虫,candidate,,train_images/58.Aphis gossypii Glover/136.jpg,2311991,3872,2592,JPEG,RGB,96d38b7816ccc79338be15158f15de24fac0d5cf8bdae8d4aeb5fcc1cbcf54b7,342c0d914b43c645
val_images/57.Myzus persicae Sulzer/000.jpg,val_images,57.Myzus persicae Sulzer,9,蚜虫,candidate,,val_images/57.Myzus persicae Sulzer/000.jpg,194368,1089,760,JPEG,RGB,b5f5f8fbd0b82f7c0311eb102d9deebc7430ac6835a8fb31b8906d4b19ec6d45,037c80123068d0b8
val_images/57.Myzus persicae Sulzer/001.jpg,val_images,57.Myzus persicae Sulzer,9,蚜虫,candidate,,val_images/57.Myzus persicae Sulzer/001.jpg,1273263,2272,1704,JPEG,RGB,d3a267ba6c038c1660fadea4210437ee19707be88971d1d4ef8812d2e5b3307b,c0410317151f7ffe
val_images/57.Myzus persicae Sulzer/002.jpg,val_images,57.Myzus persicae Sulzer,9,蚜虫,candidate,,val_images/57.Myzus persicae Sulzer/002.jpg,1371627,2272,1704,JPEG,RGB,4501c505e56847431665e03bf949df7a33c8811b85a360362b9aec9158504033,77676767771f3e1c
val_images/57.Myzus persicae Sulzer/003.jpg,val_images,57.Myzus persicae Sulzer,9,蚜虫,candidate,,val_images/57.Myzus persicae Sulzer/003.jpg,1464564,2272,1704,JPEG,RGB,721c078818d83a684e5746dcc7312be2009176de088f6184a1d63325e5c61a66,65454d6533170f0f
val_images/57.Myzus persicae Sulzer/004.jpg,val_images,57.Myzus persicae Sulzer,9,蚜虫,candidate,,val_images/57.Myzus persicae Sulzer/004.jpg,2572961,3008,2000,JPEG,RGB,a266e48226cc1fce78acf3d11103daa9f6165d4c751677f272747c86ec5fe976,e6c30373b32333b7
val_images/57.Myzus persicae Sulzer/005.jpg,val_images,57.Myzus persicae Sulzer,9,蚜虫,candidate,,val_images/57.Myzus persicae Sulzer/005.jpg,3007869,3872,2592,JPEG,RGB,f61ac6ef11a21469b927d82be0c2f93ab93ede1aae13d548e80a8f7c4130710f,3e67cf574282c8c8
val_images/57.Myzus persicae Sulzer/006.jpg,val_images,57.Myzus persicae Sulzer,9,蚜虫,candidate,,val_images/57.Myzus persicae Sulzer/006.jpg,3228707,3872,2592,JPEG,RGB,14789004f47237f7f887b79700436e3e7f13d9d17f5793e421ad427ee13600ca,fff7939bc9d9711f
val_images/57.Myzus persicae Sulzer/007.jpg,val_images,57.Myzus persicae Sulzer,9,蚜虫,reject,unreadable:OSError:broken data stream when reading image file,,19712325,,,,,,
val_images/57.Myzus persicae Sulzer/008.jpg,val_images,57.Myzus persicae Sulzer,9,蚜虫,reject,unreadable:OSError:broken data stream when reading image file,,20868124,,,,,,
val_images/57.Myzus persicae Sulzer/009.jpg,val_images,57.Myzus persicae Sulzer,9,蚜虫,reject,unreadable:OSError:broken data stream when reading image file,,20978744,,,,,,
val_images/57.Myzus persicae Sulzer/010.jpg,val_images,57.Myzus persicae Sulzer,9,蚜虫,reject,unreadable:OSError:broken data stream when reading image file,,20438012,,,,,,
val_images/57.Myzus persicae Sulzer/011.jpg,val_images,57.Myzus persicae Sulzer,9,蚜虫,reject,unreadable:OSError:broken data stream when reading image file,,8819460,,,,,,
val_images/57.Myzus persicae Sulzer/012.jpg,val_images,57.Myzus persicae Sulzer,9,蚜虫,candidate,,val_images/57.Myzus persicae Sulzer/012.jpg,19176612,7360,4912,MPO,RGB,102273f58040b98bd7ddcb226c0db95eec11bc07943c87f09c2870e109a9d9fb,73e3ec3c7ca6e76e
val_images/57.Myzus persicae Sulzer/013.jpg,val_images,57.Myzus persicae Sulzer,9,蚜虫,reject,unreadable:OSError:broken data stream when reading image file,,18074487,,,,,,
val_images/57.Myzus persicae Sulzer/014.jpg,val_images,57.Myzus persicae Sulzer,9,蚜虫,candidate,,val_images/57.Myzus persicae Sulzer/014.jpg,1222240,2272,1704,JPEG,RGB,be2a8e1bef8899be7e9c30b4bc5d9edf3480e32dbd45649175aa70f790b6c90f,87c799a4e1c073d8
val_images/57.Myzus persicae Sulzer/015.jpg,val_images,57.Myzus persicae Sulzer,9,蚜虫,candidate,,val_images/57.Myzus persicae Sulzer/015.jpg,1297351,2272,1704,JPEG,RGB,481b9947dd3d451a4f59882362aebb45d0b1eb5b5ec71e28b4156a1dbc2a93b1,3630eac4e30f3f7d
val_images/57.Myzus persicae Sulzer/016.jpg,val_images,57.Myzus persicae Sulzer,9,蚜虫,candidate,,val_images/57.Myzus persicae Sulzer/016.jpg,1270924,2272,1704,JPEG,RGB,4b58ac0010014ce337bf0ea4e27600764538932dbdd5f7e6bccfd48db191e008,a569ebe3b3676eec
val_images/57.Myzus persicae Sulzer/017.jpg,val_images,57.Myzus persicae Sulzer,9,蚜虫,candidate,,val_images/57.Myzus persicae Sulzer/017.jpg,1323162,2272,1704,JPEG,RGB,cf34df70325cee043f19b55d8c0c9aee9d216cc4163ee61787a4ae3d14298a88,4891b163469966cc
val_images/57.Myzus persicae Sulzer/018.jpg,val_images,57.Myzus persicae Sulzer,9,蚜虫,candidate,,val_images/57.Myzus persicae Sulzer/018.jpg,5844790,5616,3744,JPEG,RGB,56b52acabac5646b5b6c29f0099659e74786e574145bebbc6180fc4d7ed534ba,fb7f7d3edfc2e119
val_images/57.Myzus persicae Sulzer/019.jpg,val_images,57.Myzus persicae Sulzer,9,蚜虫,candidate,,val_images/57.Myzus persicae Sulzer/019.jpg,5903491,5616,3744,JPEG,RGB,5185f0b9fd45cc830c4c10745c4c2fbde441cfadb1c5671bb878bda8c0a5e74f,de7d76bf371f86c1
val_images/57.Myzus persicae Sulzer/020.jpg,val_images,57.Myzus persicae Sulzer,9,蚜虫,candidate,,val_images/57.Myzus persicae Sulzer/020.jpg,6354637,5616,3744,JPEG,RGB,cffec6536df6a228cddb974f7f9689c324d4032a224e87668145c65fe062a3c6,3e3f5e6d13ee0b24
val_images/57.Myzus persicae Sulzer/021.jpg,val_images,57.Myzus persicae Sulzer,9,蚜虫,candidate,,val_images/57.Myzus persicae Sulzer/021.jpg,6400666,5616,3744,JPEG,RGB,1e1339626310a1b5365f22016f42514853e3aeac0bf3bdd5a85386241e0b1b0f,38361b2914171a0c
val_images/57.Myzus persicae Sulzer/022.jpg,val_images,57.Myzus persicae Sulzer,9,蚜虫,candidate,,val_images/57.Myzus persicae Sulzer/022.jpg,144405,841,534,JPEG,RGB,52b6396a45e766339401e870d8d583a8fca77a6678cc8c0664bc7f644d239ba0,241c2ce9e72701c5
val_images/57.Myzus persicae Sulzer/023.jpg,val_images,57.Myzus persicae Sulzer,9,蚜虫,reject,duplicate_or_near_duplicate:train_images/57.Myzus persicae Sulzer/182.jpg,train_images/57.Myzus persicae Sulzer/182.jpg,530219,1984,1116,JPEG,RGB,a947999f34e4f14dc1dbade61f64487ebef4623b0799bd49205e56e5eebd699c,03896142319191f3
val_images/57.Myzus persicae Sulzer/024.jpg,val_images,57.Myzus persicae Sulzer,9,蚜虫,candidate,,val_images/57.Myzus persicae Sulzer/024.jpg,586816,1984,1116,JPEG,RGB,9e2c03987e9a0070dae881677922794860a030e32ed3df7d3b9555e3d3ff2072,d0b463c6d6c19999
val_images/57.Myzus persicae Sulzer/025.jpg,val_images,57.Myzus persicae Sulzer,9,蚜虫,candidate,,val_images/57.Myzus persicae Sulzer/025.jpg,500700,1984,1116,JPEG,RGB,f02f46962af55bfc4e5de9afb4d45ce54a369815b57157172c7cddfc9173b80a,010185e1b1d0c848
val_images/57.Myzus persicae Sulzer/026.jpg,val_images,57.Myzus persicae Sulzer,9,蚜虫,reject,duplicate_or_near_duplicate:train_images/57.Myzus persicae Sulzer/215.jpg,train_images/57.Myzus persicae Sulzer/215.jpg,73538,444,585,JPEG,RGB,5ae968da2747e8b7f95908710b307d4a97319f12f137bd335ee4c617b2ba901a,18b2d2f0f45c6161
val_images/57.Myzus persicae Sulzer/027.jpg,val_images,57.Myzus persicae Sulzer,9,蚜虫,candidate,,val_images/57.Myzus persicae Sulzer/027.jpg,69686,429,543,JPEG,RGB,296d661d5f9f8e7c2838e8dbca9a637ad09e4609432d42813695ad62705c1bab,18a6d2f0f4dce963
val_images/57.Myzus persicae Sulzer/028.jpg,val_images,57.Myzus persicae Sulzer,9,蚜虫,candidate,,val_images/57.Myzus persicae Sulzer/028.jpg,337619,1315,894,JPEG,RGB,3a94ec79d74d5253149523de8699039d30ead0c4e3685a30dbbbdc17bd99c008,8f69594d2d32862d
val_images/57.Myzus persicae Sulzer/029.jpg,val_images,57.Myzus persicae Sulzer,9,蚜虫,candidate,,val_images/57.Myzus persicae Sulzer/029.jpg,3577850,3968,2232,JPEG,RGB,1e20a8ecba5d7e74bb9e0838c550b36f38561302da2807cff7331546c5ac5499,7b7e7f7fefe6ebed
val_images/57.Myzus persicae Sulzer/030.jpg,val_images,57.Myzus persicae Sulzer,9,蚜虫,candidate,,val_images/57.Myzus persicae Sulzer/030.jpg,45751,384,224,JPEG,RGB,a8b9379eedd62377a413c900338482bb9b58926589710b71abce0ee28fbd9c9d,c7c3838383830783
val_images/57.Myzus persicae Sulzer/031.jpg,val_images,57.Myzus persicae Sulzer,9,蚜虫,candidate,,val_images/57.Myzus persicae Sulzer/031.jpg,3724054,3648,2736,JPEG,RGB,7c198c9728cfe285db095a55bdc579ddf8f7636a2f2ee20083804f3b9808ef5e,6fc938c19e0c8410
val_images/58.Aphis gossypii Glover/000.jpg,val_images,58.Aphis gossypii Glover,9,蚜虫,candidate,,val_images/58.Aphis gossypii Glover/000.jpg,1193633,2272,1704,JPEG,RGB,8268171b17ec6e08642a309a6efc70264eff84dad6fb34868c2a4acb2d1931e8,1b132d1d8c385ad7
val_images/58.Aphis gossypii Glover/001.jpg,val_images,58.Aphis gossypii Glover,9,蚜虫,candidate,,val_images/58.Aphis gossypii Glover/001.jpg,1317941,2272,1704,JPEG,RGB,e2e9a65b84568ab54a89e9159b89eaafb3724842e1ccc71f7b5cfb1d5eb39395,046425159804020d
val_images/58.Aphis gossypii Glover/002.jpg,val_images,58.Aphis gossypii Glover,9,蚜虫,candidate,,val_images/58.Aphis gossypii Glover/002.jpg,3104766,3872,2592,JPEG,RGB,eb0fcf2f774309f800b4ab60a81b4f3edaa2ff84829c5b46a8f249470f3daaab,0f56333717ccce47
val_images/58.Aphis gossypii Glover/003.jpg,val_images,58.Aphis gossypii Glover,9,蚜虫,candidate,,val_images/58.Aphis gossypii Glover/003.jpg,13399210,7360,4912,MPO,RGB,45d2579e48c651278b59939114d966921a76125e34bcdf8d652899a9f84a733a,e0f0311fec2796a6
val_images/58.Aphis gossypii Glover/004.jpg,val_images,58.Aphis gossypii Glover,9,蚜虫,reject,unreadable:OSError:broken data stream when reading image file,,13617755,,,,,,
val_images/58.Aphis gossypii Glover/012.jpg,val_images,58.Aphis gossypii Glover,9,蚜虫,candidate,,val_images/58.Aphis gossypii Glover/012.jpg,19824443,7360,4912,MPO,RGB,7dbb0681c75a6d93935eea591f405001a8814bb8bdc741263e75cbccdb661bb1,5c11e12603699393
val_images/58.Aphis gossypii Glover/013.jpg,val_images,58.Aphis gossypii Glover,9,蚜虫,reject,unreadable:OSError:broken data stream when reading image file,,19386308,,,,,,
val_images/58.Aphis gossypii Glover/014.jpg,val_images,58.Aphis gossypii Glover,9,蚜虫,reject,unreadable:OSError:broken data stream when reading image file,,18990000,,,,,,
val_images/58.Aphis gossypii Glover/015.jpg,val_images,58.Aphis gossypii Glover,9,蚜虫,candidate,,val_images/58.Aphis gossypii Glover/015.jpg,78585,512,384,JPEG,RGB,4888d3a20c30e2442f1a54753fb2c27b08c58b150abf06c2c7800726d508f874,081c1c8c65653311
val_images/58.Aphis gossypii Glover/016.jpg,val_images,58.Aphis gossypii Glover,9,蚜虫,candidate,,val_images/58.Aphis gossypii Glover/016.jpg,452118,2272,1704,JPEG,RGB,71a23e7eedea2b6dd6ecefde4dfa2370bcaef18216e5c5dfe60f5f92f864dddf,125a58632d0a223a
val_images/58.Aphis gossypii Glover/017.jpg,val_images,58.Aphis gossypii Glover,9,蚜虫,candidate,,val_images/58.Aphis gossypii Glover/017.jpg,159831,968,648,JPEG,RGB,34406c14d7cf638448230c9e1d3edf9ee037876f0069f03b01f40aba3a9b3992,9a82016f5ad8f066
